username, created_at, lng, lat, text
1RITIANA, Mon Jan 25 21:25:36 +0000 2021, -77.014398, 38.898603, I‚Äôd be a billionaire if I sold my sex tape 
GumbeauxStJames, Mon Jan 25 21:25:36 +0000 2021, -96.761753, 32.819858, ‚ÄúWell... I also know that kiss is used as a verb and a noun... so you can either give my ass a kiss or KISS my ass!‚Äù 
WerldsGraytst, Mon Jan 25 21:25:36 +0000 2021, -73.475400, 44.689104, Just up here suffering. 
KingLsENE, Mon Jan 25 21:25:36 +0000 2021, -82.764772, 39.974820, Ridge all day!!!S/O my homie @1chuckJeff doing great things over there!!! 
sincerelylizk, Mon Jan 25 21:25:36 +0000 2021, -85.603820, 30.124745, Happiest of birthdays to @Juggalotus209  üíñ 
dinoralhr, Mon Jan 25 21:25:36 +0000 2021, -101.220857, 26.878203, La parte que nadie cuenta de la felicidad de una boda es el d√≠a que dejas tu casaüò¢, llore mares mientras mi esposito me abrazaba... 
leishaleish, Mon Jan 25 21:25:36 +0000 2021, -79.980689, 40.431389, üò≠üò≠üò≠üò≠üò≠üò≠üò≠üò≠üò≠üò≠üò≠ https://t.co/U9NsQDBABr 
MrJBertrand, Mon Jan 25 21:25:36 +0000 2021, -81.529538, 28.710746, They see Black, 25 and Ownership of Medical  &amp; Pioneer with Endorsements and Past Partnerships! They Jack up the pr‚Ä¶ https://t.co/iYqUWvmHQ4 
leekbihtf, Mon Jan 25 21:25:36 +0000 2021, -77.303875, 37.287812, haven‚Äôt spoke somebody now niggas tryna dog my name.... üöÆ 
KatieBassooner, Mon Jan 25 21:25:36 +0000 2021, -97.285913, 32.779967, @patdeklotz Most right leaning folks vote republican because they've been conditioned to hate democrats 
TravisSkol, Mon Jan 25 21:25:37 +0000 2021, -95.913642, 36.109392, Stand up T-Town! 
tiffpics, Mon Jan 25 21:25:37 +0000 2021, -75.083100, 38.715800, Just posted a photo @ Rehoboth Beach, Delaware https://t.co/PMsNWHIEnv 
instagrandslam, Mon Jan 25 21:25:37 +0000 2021, -74.315023, 40.384561, I feel so fucking UGLY TODAY HAHAHHAHA 
Sweeper_Music, Mon Jan 25 21:25:37 +0000 2021, -122.330602, 47.614817, @thisiswithout @remnantsofyore AGREED 
Wackiearty, Mon Jan 25 21:25:37 +0000 2021, -75.800141, 45.248791, @PonyMafia Sexy ladyüíØüî•üî•üî•üí• 
LanceFischel5, Mon Jan 25 21:25:37 +0000 2021, -86.791549, 36.200008, @alpinepetey Prob the only punch he landed that fight 
AJ2127, Mon Jan 25 21:25:37 +0000 2021, -86.142922, 39.779562, @AJ2127 Absolutely, Positively 
allyyysonnn_, Mon Jan 25 21:25:37 +0000 2021, -82.330269, 29.673172, Bro I need it 
jennifercarolyn, Mon Jan 25 21:25:37 +0000 2021, -73.020531, 40.762421, @slothanova https://t.co/XRFhprETJ7 
lilybeth1234, Mon Jan 25 21:25:37 +0000 2021, -71.088712, 42.313670, Sign up to be heard tomorrow 
wilkey_richard, Mon Jan 25 21:25:37 +0000 2021, -82.700116, 34.792575, Love this type of weather, yeah I'm weird. #January #winter https://t.co/JgzxijUMig 
alt1na1, Mon Jan 25 21:25:37 +0000 2021, -73.968542, 40.780709, @NicNoctem Yessss 
AldoMar59052806, Mon Jan 25 21:25:37 +0000 2021, -99.067803, 26.233449, As√≠ quiero ser pero estoy bien pendejo jaja ü§¶‚Äç‚ôÇÔ∏è 
JONNYescribe, Mon Jan 25 21:25:37 +0000 2021, -98.540651, 29.417501, this is gonna be the main trope whenever @emeryleewho and I write a book together 
lovvee_ny, Mon Jan 25 21:25:37 +0000 2021, -76.507809, 37.090301, @herrnamestyler Awwww thank you girlyü•∫‚ù§Ô∏è‚ù§Ô∏è 
DuriyaFarooqui, Mon Jan 25 21:25:37 +0000 2021, -84.433106, 33.767195, @AnandWrites Literally just asked this myself. It‚Äôs baffling. https://t.co/8nK4qUWiiZ 
zgarofalo10, Mon Jan 25 21:25:37 +0000 2021, -73.831187, 40.670879, @michaelgbaron Pull through Mike! Mets Twitter is with you 
elcondek, Mon Jan 25 21:25:38 +0000 2021, -80.187553, 25.868938, @TomiLahren I think the word Tyrant relays more with the word Trump 
latinprince, Mon Jan 25 21:25:38 +0000 2021, -96.797700, 32.777400, Just posted a video @ Dallas, Texas https://t.co/mQkAIHTy0Q 
fullerchandler8, Mon Jan 25 21:25:38 +0000 2021, -92.131274, 34.751936, @wil_da_beast630 Video game generation. 
rebecca039, Mon Jan 25 21:25:38 +0000 2021, -87.968903, 42.961636, I'm at Loomis &amp; 894 in Milwaukee, WI https://t.co/r0s7Jdvpnn 
TakeNotesBihhh, Mon Jan 25 21:25:38 +0000 2021, -73.968542, 40.780709, @JaymoneyDGS https://t.co/KkoFoU7su4 
DatTopher, Mon Jan 25 21:25:38 +0000 2021, -79.098482, 36.065820, @b_shmain It‚Äôs the 1 year anniversary, we bout to go crazy. After year 2 is when it starts to simmer down 
iamm3ishakeith, Mon Jan 25 21:25:38 +0000 2021, -80.926628, 33.631140, This year I ain‚Äôt doing nothing but traveling ü¶ã 
Damsthegreatest, Mon Jan 25 21:25:38 +0000 2021, -91.090800, 30.459100, @dara_adedara Girl they just be saying anything fr. I‚Äôm sorry you had to sit through that. 
tmj_fay_manuf, Mon Jan 25 21:25:38 +0000 2021, -79.180299, 35.479876, If jobs with titles like "Manufacturing Worker" sound appealing to you, follow us to hear about these types of oppo‚Ä¶ https://t.co/ay87v4SUNL 
riaraghunanan, Mon Jan 25 21:25:38 +0000 2021, -157.975829, 21.344749, !!!!!! 
tmj_TX_facmgmt, Mon Jan 25 21:25:38 +0000 2021, -95.760783, 29.582181, Join the Dollar Tree team! See our latest job opening here: https://t.co/2zVYfIMr5Z #FacilitiesMgmt #Richmond, TX 
__Ciaraaaaaaa, Mon Jan 25 21:25:39 +0000 2021, -95.547269, 30.706088, can my nail heal so I can get my nails done üò£ 
song4meaning, Mon Jan 25 21:25:39 +0000 2021, -94.635856, 39.033940, @Britt_Aug I meant the music was / is such a gift. 
KinggOfDisaster, Mon Jan 25 21:25:39 +0000 2021, -95.446486, 29.838495, Ok. That‚Äôs it I‚Äôm reReading ü§ì 
tmj_cte_it, Mon Jan 25 21:25:39 +0000 2021, -71.549510, 41.922050, Stop staring at the clock every day. It's time for a new career. Follow us to view jobs with titles like "DevOps En‚Ä¶ https://t.co/HOIcfBtPZW 
DunDunItAll850, Mon Jan 25 21:25:39 +0000 2021, -84.266174, 30.476216, @JuanX6X üêê on &amp; off the golf course... 
AyeeOlee, Mon Jan 25 21:25:39 +0000 2021, -97.754724, 30.323346, https://t.co/JJVlbgabPt 
MANITASAMARI, Mon Jan 25 21:25:40 +0000 2021, -80.162128, 25.985174, La migraci√≥n en los Planes de Desarrollo Territorial https://t.co/guPdRgNb43 v√≠a @migravenezuela 
Insp3ctlol, Mon Jan 25 21:25:40 +0000 2021, -95.446486, 29.838495, @NotAntfrost @MrBeastYT @faintedsad 
JacksonSull3, Mon Jan 25 21:25:40 +0000 2021, -78.871284, 38.438306, So I'm thinking the last 3 of the rumble will be edge black and jey uso. With key winning the rumble 
jay_luke, Mon Jan 25 21:25:40 +0000 2021, -75.610309, 41.444862, @MarakoMarcus @BlackettMusic https://t.co/dNYbMKK1lE https://t.co/rdtaiXna3m 
PHD_Mitch, Mon Jan 25 21:25:40 +0000 2021, -79.676229, 40.353746, Welp 
tablehopper, Mon Jan 25 21:25:40 +0000 2021, -122.435979, 37.770657, @AaronPeskin Full-on feast! üôå 
SkokieG, Mon Jan 25 21:25:40 +0000 2021, -115.223125, 36.232915, https://t.co/0i2gBIi4xw 
gab_parsons, Mon Jan 25 21:25:40 +0000 2021, -96.696562, 40.803235, SNOW DAY!!! https://t.co/YjprCeJTsY 
marisolgarciaaz, Mon Jan 25 21:25:41 +0000 2021, -112.124676, 33.552863, Thank @lilyalta for lifting this article up again. We need structural changes to how we find out schools. Not banda‚Ä¶ https://t.co/e5DosFbs2g 
celticwnb, Mon Jan 25 21:25:41 +0000 2021, -122.330602, 47.614817, @ElectKHT @SenSaldana thank you for sponsoring 1078/5086 to automatically restore rights, but can't we move on just‚Ä¶ https://t.co/oFPeNbZYoT 
JayCroft, Mon Jan 25 21:25:41 +0000 2021, -84.433106, 33.767195, @JoeVennare Ouch. 
landonb94, Mon Jan 25 21:25:41 +0000 2021, -88.929117, 30.427817, Wish it was open the the public üò© 
robpatfoss, Mon Jan 25 21:25:41 +0000 2021, -91.460141, 44.760878, You buy a new 2021 F-150 King Ranch and your salesman @BHump_12  starts doing this. What‚Äôs your reaction https://t.co/J8LbTlmqxI 
guyknoller1, Mon Jan 25 21:25:41 +0000 2021, -112.124676, 33.552863, Well Rudy yore even: Trump got a freaking idiot 
Thomas_Bdb, Mon Jan 25 21:25:41 +0000 2021, -80.452116, 25.479449, @bruunv Who was there and sat next to you on your first day in the cafeteria ?!? Then you sprouted your wings and became a social butterfly 
JaeHoneyyy_, Mon Jan 25 21:25:41 +0000 2021, -87.010551, 34.580925, 50% alabamaaaaaa 
DaBillionaireKW, Mon Jan 25 21:25:42 +0000 2021, -96.961483, 32.863917, It has been a long ass Monday dawg. Fuck. 
luswin, Mon Jan 25 21:25:42 +0000 2021, -73.860857, 40.944568, Use clay!! 
outtafknpocket, Mon Jan 25 21:25:42 +0000 2021, -83.494088, 42.481580, If you hate on someone for something they can‚Äôt control that‚Äôs a big miss from me chief, gtfo 
barifolarin, Mon Jan 25 21:25:42 +0000 2021, -95.446486, 29.838495, Chill üòÇ 
VaughnMichael13, Mon Jan 25 21:25:42 +0000 2021, -80.134929, 40.266725, @RawbRat Hahah I was actually leaving the post office sending out TMNT figures. 
acabputa, Mon Jan 25 21:25:42 +0000 2021, -84.266174, 30.476216, @cuntvonnegut69 the assumption alone that indigenous people cannot preserve their own cultural artifacts is so anti‚Ä¶ https://t.co/LCf4ZfghAc 
NikkiMGCole, Mon Jan 25 21:25:42 +0000 2021, -77.036700, 38.895100, Just posted a photo @ Washington D.C. https://t.co/U2hhLlsCa9 
LABales2, Mon Jan 25 21:25:42 +0000 2021, -87.348367, 41.415222, @YahooFinance Just not a fan of this guy 
TotalTrafficALB, Mon Jan 25 21:25:42 +0000 2021, -73.691890, 42.741070, Disabled vehicle on the ramp. right shoulder blocked in #Troy on ALT RT-7 EB at I-787 #traffic https://t.co/Lz3PqqUkWC 
TotalTrafficSEA, Mon Jan 25 21:25:42 +0000 2021, -122.304200, 47.542450, Accident, right lane blocked in #Seattle on I-5 SB at Albro Pl/Swift Ave/Exit 161, slow traffic back to Columbian W‚Ä¶ https://t.co/rzbqyK0Bvm 
TotalTrafficNYC, Mon Jan 25 21:25:42 +0000 2021, -72.938490, 40.828970, Closed due to accident investigation in #Yaphank on The L.I.E./I-495 EB between X66/Sills Rd/CR-101 and X67/Yaphank‚Ä¶ https://t.co/zzHBf87cFO 
chocolate4985, Mon Jan 25 21:25:43 +0000 2021, -82.985772, 39.994684, I'm not perfect at a lot of stuff, but I'm perfect at being meü¶Ñ#SlimGem 
TotalTrafficDET, Mon Jan 25 21:25:43 +0000 2021, -82.918580, 42.513660, Accident, two lanes blocked in #Macomb on I-94 EB at 12 Mile Rd/Exit 230, stop and go traffic back to I-696/11 Mile‚Ä¶ https://t.co/rgakwsAl2A 
TotalTrafficPHL, Mon Jan 25 21:25:43 +0000 2021, -75.085710, 39.991970, Accident cleared in #Philadelphia on I-95 NB between Betsy Ross Bridge/Exit 26 and Brg St/Exit 27, slow traffic bac‚Ä¶ https://t.co/vor6DrFQwy 
TotalTrafficOKC, Mon Jan 25 21:25:43 +0000 2021, -97.576800, 35.522110, Accident in #OklahomaCity on N 50th St WB at Lk Hefner Pkwy #OKCtraffic https://t.co/5PW2Tg7Vzy 
TotalTrafficDC, Mon Jan 25 21:25:43 +0000 2021, -76.905320, 38.957930, Disabled vehicle, left lane blocked in #Riverdale on Baltimore-Washington Pkwy NB before MD-410, jammed back to US-‚Ä¶ https://t.co/OvjCZjwuaU 
TotalTrafficPHX, Mon Jan 25 21:25:43 +0000 2021, -112.041500, 33.534320, Injury accident ---- hov + 2 left lanes blocked in #Phoenix on State Rte 51 SB at Glendale Ave --- Exit 5, stop and‚Ä¶ https://t.co/YkzWwHuC7q 
StratfordBruce, Mon Jan 25 21:25:43 +0000 2021, -80.984344, 43.368880, @RonSexsmith Daddy's buying it for her? 
wolfchick7, Mon Jan 25 21:25:43 +0000 2021, -121.951373, 37.235695, @michelleismyna2 I still don‚Äôt think moms are spozed to be criticizing at all, but I‚Äòm sure your mom‚Äòs weren‚Äòt like THAT. 
OMGiMTYRAHNiE, Mon Jan 25 21:25:43 +0000 2021, -95.446486, 29.838495, I can‚Äôt wait to have a kid and put them in gymnastics at an early age. ü•∫ 
RawDyl_, Mon Jan 25 21:25:43 +0000 2021, -75.367197, 40.625276, Life isn‚Äôt real. 
Chandler_PT, Mon Jan 25 21:25:43 +0000 2021, -111.880874, 33.282450, This weather has me wishing to have a quadruple espresso and watch the rain come down! How‚Äôs your Monday so far?! https://t.co/qrolcIGrnU 
aleboo281htx, Mon Jan 25 21:25:43 +0000 2021, -95.446486, 29.838495, WE DO NOT BRAG ENOUGH ABOUT GOD ON HERE.. HE IS A HEALER , PROVIDER &amp; WAYMAKER ü•∞ 
TotalTrafficOKC, Mon Jan 25 21:25:43 +0000 2021, -97.441280, 35.420770, Accident cleared in #Oklahoma on S 44th St east of S Sunnylane Rd #OKCtraffic https://t.co/5PW2Tg7Vzy 
32TJR, Mon Jan 25 21:25:43 +0000 2021, -100.076888, 31.168893, why are we doing 45 in a 45? tf is this, communism? Thanks Biden. 
CoralReefCoffee, Mon Jan 25 21:25:43 +0000 2021, -96.991828, 33.042437, quality equaling out to 26% CBD, most other high end products have 15%-20%.Each bottle has 16oz of liquid, 640mg o‚Ä¶ https://t.co/TuKR6516dL 
IAmDyamond_, Mon Jan 25 21:25:44 +0000 2021, -87.732013, 41.833585, I need to pack my suitcase 
Edgardd09, Mon Jan 25 21:25:44 +0000 2021, -115.229180, 31.789670, Quisiera estar contigo viendo las estrellas sobre el mar.. 
agonzalezfl, Mon Jan 25 21:25:44 +0000 2021, -80.125600, 26.234700, #anabelgonzalezfigueroa #australiaday #mibirthday #celebrations #micumplea√±os #diadeaustralia #celebraciones @ Pomp‚Ä¶ https://t.co/wV2nq8sC2i 
MissionAvocados, Mon Jan 25 21:25:44 +0000 2021, -119.306608, 37.269176, So nice to see our CEO on @YahooFinance talking about the biggest year ever for avocados and answering those burnin‚Ä¶ https://t.co/afLzCiJbpy 
shellystrick4L, Mon Jan 25 21:25:45 +0000 2021, -83.173867, 32.678207, @ImRichardRogers Never had either of those but I believe you 
tajeslay, Mon Jan 25 21:25:45 +0000 2021, -83.173867, 32.678207, facts respectfully + disrespectfully 
svgxavi, Mon Jan 25 21:25:45 +0000 2021, -122.144030, 37.414371, @__Jerry408 üíô 
semiretiredAZ, Mon Jan 25 21:25:45 +0000 2021, -111.931711, 34.168253, Rudy ‚ÄúDaffy Duck‚Äù Giuliani going to court. Hope he defends himself. What do yu think his defense will be?  (I didn‚Äô‚Ä¶ https://t.co/cuBZjFizmU 
xbornsinner_x, Mon Jan 25 21:25:45 +0000 2021, -82.881943, 39.968867, I can‚Äôt wait for my cousin to start planning his birthday trip Bc I‚Äôm salty he can‚Äôt come to mine so we at least gotta be lit for his üòõ 
kellipolit, Mon Jan 25 21:25:45 +0000 2021, -88.342973, 42.192257, This made my day today @jakemiller (3:18 P.M) You‚Äôre the sweetest human ever üòÅ. https://t.co/ETF3QHKKR6 
Chelseaaax8, Mon Jan 25 21:25:45 +0000 2021, -73.117467, 40.859132, I‚Äôm going to miss my friends soo soo much! 
djjacks1025, Mon Jan 25 21:25:45 +0000 2021, -87.732013, 41.833585, @Avereaux Pls I got nervous https://t.co/C4NrcdtLtl 
GOOGLEMETORI, Mon Jan 25 21:25:45 +0000 2021, -77.604684, 41.117936, @reginajayee And we can‚Äôt be like that 
kevin_p_vaughan, Mon Jan 25 21:25:45 +0000 2021, -87.732013, 41.833585, @tahmanbradley @CTULocal1 @natashakorecki He also said in same answer that it was important to get kids back in sch‚Ä¶ https://t.co/l0H15Mm6dk 
XxXJaslynLee, Mon Jan 25 21:25:46 +0000 2021, -80.132962, 25.816966, The house üíï! https://t.co/smIcO4DhlM 
alex_mcdowell, Mon Jan 25 21:25:46 +0000 2021, -86.142922, 39.779562, @TevinJC You got this! 
WirthTM, Mon Jan 25 21:25:46 +0000 2021, -121.760079, 37.683592, @angieeesunshine @JSanchezSI @JasonAponte2103 Have to agree with Derik on this one! 
Chutesabackpac1, Mon Jan 25 21:25:46 +0000 2021, -88.106030, 41.683339, @shepersists2 @surrealyo @NightowlDina @SocialistMMA Did you just try to do a dual loyalty? Big fucking oof. 
XxskyroeXx, Mon Jan 25 21:25:46 +0000 2021, -80.149173, 26.150368, Lmfaooooooooooooooo 
dkaz, Mon Jan 25 21:25:46 +0000 2021, -88.106030, 41.683339, @lordras14 @ReDevilsRapport @utdarena Every player learned it. At some point. 
Daquanmyoung, Mon Jan 25 21:25:47 +0000 2021, -75.770041, 42.746617, Every man not out here to Star you especially if you kept some time to yourself!! 
crisserna, Mon Jan 25 21:25:47 +0000 2021, -87.967292, 43.056722, if you can‚Äôt handle me at my worst then we already have something in common 
hongotit, Mon Jan 25 21:25:47 +0000 2021, -91.090800, 30.459100, üíò 
Flight24_, Mon Jan 25 21:25:47 +0000 2021, -86.457744, 32.468104, this is really da oneü§£ü§£ü§£ 
georginasanz_, Mon Jan 25 21:25:47 +0000 2021, -100.293591, 25.641718, Leo las sentencias y siento que estoy leyendo una novela de terror ü•¥ 
nathan_mccullum, Mon Jan 25 21:25:47 +0000 2021, -97.552161, 35.482844, So my hometown has a mugshot Monday on Facebook on Mondays. Just looked to see if I knew anyone who was posted toda‚Ä¶ https://t.co/FM969PsqLr 
KTeems87, Mon Jan 25 21:25:47 +0000 2021, -86.636410, 30.447682, @wffleballhelmet @ChrisPhigNewton @joshclackler I was definitely cursing him. 
lucsf, Mon Jan 25 21:25:47 +0000 2021, -118.411907, 34.020789, @biancaluizac obrigado maravilhosa! logo logo to em goi√¢nia pra gente da uns roles na pedreira 
EveAviila, Mon Jan 25 21:25:47 +0000 2021, -121.469664, 38.561722, la √∫nica rosa que mirar√© en 14 de febrero, es la rosa de guadalupe 
csmoove41, Mon Jan 25 21:25:47 +0000 2021, -95.259525, 29.993184, Naw fr 
Jes_KeepitG, Mon Jan 25 21:25:47 +0000 2021, -75.386460, 39.145024, It‚Äôs 4:25üôÑüò≠ 
MrJermany, Mon Jan 25 21:25:48 +0000 2021, -84.433106, 33.767195, I LIKE DICK TO BE HARD HARD NOT SEMI SEMI NOR LIMP LIMP üôÑüôÑüôÑüôÑ 
riaahthedon, Mon Jan 25 21:25:48 +0000 2021, -95.446486, 29.838495, my birfday ‚ù§Ô∏è 
vlzzqzm, Mon Jan 25 21:25:48 +0000 2021, -119.782465, 36.786042, Little by little but definitely a good step ü•∫üôè 
PunCMD, Mon Jan 25 21:25:48 +0000 2021, -82.985772, 39.994684, Tortilla soup. It‚Äôs what‚Äôs for dinner. (Tonight) 
Alexandra__M, Mon Jan 25 21:25:48 +0000 2021, -81.367773, 28.501678, Is a Jungle Cruise script rewrite necessary? 
Adamslenscap, Mon Jan 25 21:25:48 +0000 2021, -81.566505, 41.514008, Im happy the Browns aren‚Äôt on this list for once 
Solitar79350037, Mon Jan 25 21:25:48 +0000 2021, -96.572507, 33.417412, @gata_sassy86 De M√©xico y tu 
cmonte_06, Mon Jan 25 21:25:48 +0000 2021, -97.343915, 37.683897, If there is a proper way, some additional hints would be great, cause can‚Äôt or the life of us figure it out. ü§∑üèª‚Äç‚ôÇÔ∏è 
Amsssa3, Mon Jan 25 21:25:48 +0000 2021, -95.446486, 29.838495, &amp; Fridaaaayyyyyyü•≥ü•≥ü•≥ü•≥ 
Bird_1031, Mon Jan 25 21:25:48 +0000 2021, -80.926628, 33.631140, @JusMe_RissaD @KingShawn901 Wayne too 
AramShoujounian, Mon Jan 25 21:25:48 +0000 2021, -73.723025, 45.557830, @EmilioCricchio Your news station is literally doing the work of #Turkey &amp; #Azerbaijan.You are yourself the best‚Ä¶ https://t.co/cj1hL94pYj 
tmj_OH_neuro, Mon Jan 25 21:25:48 +0000 2021, -84.516976, 39.145206, See our latest #Cincinnati, OH #Neurology job opportunity and click the link in our bio to apply: SLEEP CENTER DIRE‚Ä¶ https://t.co/5O1a3Sz62n 
JuanSelles1, Mon Jan 25 21:25:48 +0000 2021, -122.228685, 37.791994, @IowasJoe I know there are 5 but for the life of me I can only name four without google! ü§∑üèΩ‚Äç‚ôÇÔ∏è 
_MallyFranks_, Mon Jan 25 21:25:48 +0000 2021, -75.117998, 40.004866, üöÄ 
1fattstackz, Mon Jan 25 21:25:48 +0000 2021, -86.203781, 32.536046, @jaylahnoel ur welcome ‚ò∫Ô∏è 
sakkschaser, Mon Jan 25 21:25:49 +0000 2021, -95.446486, 29.838495, She happy asl bro üòÇüòÇüòÇüòÇ 
mcheno, Mon Jan 25 21:25:48 +0000 2021, -111.931711, 34.168253, @g_willakerz @sd_dodgerdave https://t.co/5y0wMhqygf 
TheLion_C, Mon Jan 25 21:25:49 +0000 2021, -81.367773, 28.501678, Como pasaron su Lunes? Que va sientes que te falto? Todav√≠a hay tiempo! #gayboy #Orlando #RT #miami https://t.co/LzGHmHy6Jh 
smartashlynn, Mon Jan 25 21:25:49 +0000 2021, -97.114771, 33.202495, https://t.co/cISqteyMVR 
halfassstan, Mon Jan 25 21:25:49 +0000 2021, -73.948775, 40.655138, You cannot call goaltending in fifa I‚Äôm having a hard time accepting this 
MikeSnowden65, Mon Jan 25 21:25:49 +0000 2021, -95.446486, 29.838495, @Nate___Taylor Is bended a word? Asking for a friend. 
CJMPadres23, Mon Jan 25 21:25:49 +0000 2021, -119.306608, 37.269176, It‚Äôs time we start putting Wendy‚Äôs spicy chicken sandwich in the elite tier of fsdt food 
Toddlew24042657, Mon Jan 25 21:25:49 +0000 2021, -117.269866, 34.504761, @MaryLTrump About time 
tmj_NJ_secure, Mon Jan 25 21:25:49 +0000 2021, -74.672481, 40.216838, Can you recommend anyone for this job in #HamiltonTownship, NJ? https://t.co/NH5cW6rxoa #security 
DavidMichi3, Mon Jan 25 21:25:49 +0000 2021, -86.791549, 36.200008, @RepMattGaetz You‚Äôre the zenith of the treasonous anus! 
tealtimeB, Mon Jan 25 21:25:49 +0000 2021, -83.804475, 27.698682, @sharkyrae Don‚Äôt look in any aquariums. 
vonnajae, Mon Jan 25 21:25:49 +0000 2021, -82.741044, 39.890232, @daniraesugar Me tooooo . When I woke up this morning I told myself I have to quit thinking about so much before I‚Ä¶ https://t.co/3ZHT58mXcF 
_kaylabrielle_, Mon Jan 25 21:25:49 +0000 2021, -83.173867, 32.678207, Man what camera do y‚Äôall be using ?! üòç 
tmj_NVC_retail, Mon Jan 25 21:25:49 +0000 2021, -119.673094, 39.129728, We're hiring! Click to apply: Dollar Tree Stores: Sales Floor Associate - https://t.co/JR0djvqdVU #Retail #CarsonCity, NV 
ThiagoRg26, Mon Jan 25 21:25:49 +0000 2021, -83.001988, 40.103977, @aninhaccabral Nunca kkkkk 
7TheGodFather, Mon Jan 25 21:25:50 +0000 2021, -118.399639, 34.082497, @pu_iph üôèüèºüôèüèºüá™üá¨üöîüíú https://t.co/JvMyc7IM06 
NanananaBrown, Mon Jan 25 21:25:49 +0000 2021, -78.822218, 43.830985, If I can you fucking can!  Lmao üòÇ@REMMER1551 @TramontinAlison @Scotch46585745 @Michael94678796 @pam_swan‚Ä¶ https://t.co/Rz1NlUrQqQ 
instagrandslam, Mon Jan 25 21:25:50 +0000 2021, -74.315023, 40.384561, @dsaintsworks UGh FINEEEEE 
StuartT56137689, Mon Jan 25 21:25:50 +0000 2021, -93.221534, 37.036603, @bblock29 Why the hell would anyone? 
Blood52, Mon Jan 25 21:25:50 +0000 2021, -86.791549, 36.200008, @Newsweek @GOPLeader ...STFU. You are just scared you don't get caught up in the insurrection roundup. 
BiggieBeard, Mon Jan 25 21:25:50 +0000 2021, -95.679336, 29.679715, @Millybo_TTV @vKuaniTV üíÄüíÄüíÄ 
tmj_OK_LABOR, Mon Jan 25 21:25:50 +0000 2021, -95.616090, 36.312596, Can you recommend anyone for this job? shop helper - https://t.co/5lMhye0cf6 #Claremore, OK 
strugglecommon, Mon Jan 25 21:25:50 +0000 2021, -99.067996, 40.699800, There‚Äôs so many things I could say, so if interested, I provided a link to read something I have typed out. Thank y‚Ä¶ https://t.co/NFuCAcTNbD 
ItsDavidMarx, Mon Jan 25 21:25:50 +0000 2021, -117.294096, 34.134925, i like this 
MarsiyaaaBaby, Mon Jan 25 21:25:50 +0000 2021, -84.515786, 33.846765, Damn idek what I wanna eat 
EarlGrace_T_, Mon Jan 25 21:25:50 +0000 2021, -76.555727, 38.992081, Happy Birthday to my A1 since Day 1. Love you Mama! üñ§ https://t.co/KHK26KFXmW 
sweetndark23, Mon Jan 25 21:25:50 +0000 2021, -96.961483, 32.863917, This girl said scissor city is better than poundtown. Girl done lost her mind 
RIDGEMATIC, Mon Jan 25 21:25:50 +0000 2021, -84.515786, 33.846765, @Treshiq @JudgeJoeBrownTV And probably nobody wanted their wicked asses! HELLO?!? 
NathanVance1, Mon Jan 25 21:25:50 +0000 2021, -97.187203, 33.000462, Edinburgh 
Ayan604, Mon Jan 25 21:25:50 +0000 2021, -123.123581, 49.257639, All your base are belong to us @bychrischeung 
Karlin_C, Mon Jan 25 21:25:50 +0000 2021, -73.968542, 40.780709, There seems to be a collection problem with this location on sw corner Bowery &amp; Grand st 10013. @NYCSanitation mayb‚Ä¶ https://t.co/gEdv1RqsHC 
ahtrapsm, Mon Jan 25 21:25:51 +0000 2021, -83.601802, 42.245713, Thought that was it...Son is getting one. Matter of now or in extra time. 
eudave_sandra, Mon Jan 25 21:25:51 +0000 2021, -114.099388, 36.808331, Yep 
hatrik10, Mon Jan 25 21:25:51 +0000 2021, -122.437379, 47.305305, @CoachWilly1875 @jonjohnson Go forthwith and fornicate with thyself, thou rectal opening 
lcnaluthor, Mon Jan 25 21:25:51 +0000 2021, -80.121529, 26.840806, it‚Äôs been a year since i took my favorite picture ever üò≠üò≠üò≠üò≠ stop growing little man https://t.co/yF3UC1rZVL 
JasonBXNY0619, Mon Jan 25 21:25:51 +0000 2021, -77.014398, 38.898603, @Metrorailinfo It's my 3rd time down here &amp; my 2nd time during the pandemic and i don't see people handing out mask‚Ä¶ https://t.co/tDCLP0b7Iu 
JasonMobbs_THF, Mon Jan 25 21:25:51 +0000 2021, -119.306608, 37.269176, @nocalmatt https://t.co/1Xnjcf5xaB 
NicholasDeMarc8, Mon Jan 25 21:25:51 +0000 2021, -75.949409, 41.542938, @Cut4 Yankees 
DorothyBeach, Mon Jan 25 21:25:51 +0000 2021, -84.182476, 39.559354, .@PressSec got you .@GovRonDeSantis ! Oh yeah you need .@fema and don‚Äôt let your constituents know that you are nee‚Ä¶ https://t.co/aTgdWlkWj3 
nfdmedic, Mon Jan 25 21:25:52 +0000 2021, -87.592685, 33.270700, @TorchLightCubed @RyanAFournier That was obam/biden. Not Trump. 
Johnnybx93, Mon Jan 25 21:25:52 +0000 2021, -73.849441, 40.850347, If Super Bowl tickets drop under 5grand I‚Äôm going 
AStokkebye, Mon Jan 25 21:25:52 +0000 2021, -80.846785, 35.209059, @LakersEmpire Today, NOR tomorrow, is not the day for this... 
eandres07, Mon Jan 25 21:25:52 +0000 2021, -75.117998, 40.004866, @ESPN_FDJ Marco Reus nunca gan√≥ la Bundesliga, el f√∫tbol se la debe 
SantanaInDaCut, Mon Jan 25 21:25:52 +0000 2021, -104.922093, 39.713563, https://t.co/BOv2hh6Ujl 
Im_Luckk2k, Mon Jan 25 21:25:52 +0000 2021, -117.905645, 33.663609, @Winner_Stayz_On Negative 
DonnaWithrow2, Mon Jan 25 21:25:52 +0000 2021, -75.770041, 42.746617, Screwed 
illniyax, Mon Jan 25 21:25:52 +0000 2021, -73.849441, 40.850347, üíôüíôüíô 
JeffStrege, Mon Jan 25 21:25:52 +0000 2021, -95.446486, 29.838495, @AP https://t.co/omyzKuNV7t 
WonderpuffSSB, Mon Jan 25 21:25:52 +0000 2021, -71.456181, 41.857695, @jdeushnehr @SharifaYasmin_ @survivorcbs @JeffProbst You talk a big game for someone on an anonymous profile. 
Austin_Federa, Mon Jan 25 21:25:52 +0000 2021, -73.948775, 40.655138, @jasoncrawford @celinehalioua The microscopes have an eyepiece calculated for a different optimal distance. It‚Äôs a‚Ä¶ https://t.co/LNppSOj4xe 
mamaonthemic, Mon Jan 25 21:25:52 +0000 2021, -77.605207, 43.127268, @evandawson https://t.co/HMW0bAQF9s 
Suestrong21, Mon Jan 25 21:25:52 +0000 2021, -77.236969, 38.805115, #Myfavoriteview #thepillbox #hawaii 
AaronWagner_, Mon Jan 25 21:25:52 +0000 2021, -86.791549, 36.200008, @Emily_Wagner12 https://t.co/AHOg41mBQA 
la_peeradvo, Mon Jan 25 21:25:52 +0000 2021, -81.830017, 41.243086, We appreciate the Executive Orders Mr. President but you promised us a 3rd Stimulus and currently we're discussing‚Ä¶ https://t.co/xXbjI6MCxN 
bethmdaley, Mon Jan 25 21:25:53 +0000 2021, -71.497913, 41.557321, @firstwefeast üçø! 
memepetitspois, Mon Jan 25 21:25:53 +0000 2021, -84.426804, 46.532680, @jackiesiddall I love you and I recognize your smile on stage! You are so adorable. (((Mwah))) 
mgray12195, Mon Jan 25 21:25:53 +0000 2021, -84.352444, 33.943457, @ANIAHAMMAR Nope 
COTAINL, Mon Jan 25 21:25:53 +0000 2021, -100.293591, 25.641718, #Capac√≠tate | M√°s de 90 personas servidoras p√∫blicas de distintas dependencias de #NL, fueron capacitadas por la‚Ä¶ https://t.co/FxOKtVSbtZ 
BradReddingGolf, Mon Jan 25 21:25:53 +0000 2021, -79.042311, 33.598468, A great three days in myrtle_beach working with my students. @ International Club of Myrtle Beach https://t.co/mZ8EDqE4gw 
mrigual, Mon Jan 25 21:25:53 +0000 2021, -100.293591, 25.641718, Qu√© bien juega el @AthleticClub.Parece que retoma el rumbo con Garc√≠a Toral. 
BESTPOINTGUARD7, Mon Jan 25 21:25:53 +0000 2021, -84.539813, 39.137038, https://t.co/8dLg98uYI9 
SpilbergSofia, Mon Jan 25 21:25:53 +0000 2021, -79.272570, 43.629311, @RecklessVelvet Thanks 
_Hillstar_, Mon Jan 25 21:25:53 +0000 2021, -81.800579, 32.440511, Lmaoo these niggas in the replies is always crack me up üòÇüòÇüòÇ they be trying so hard 
JazzieBbyj, Mon Jan 25 21:25:53 +0000 2021, -73.860857, 40.944568, I‚Äôm the luckiest woman in the worldddd 
MitchEarwood, Mon Jan 25 21:25:53 +0000 2021, -97.427734, 32.882610, I think one of my favorite football memories from 2020 was when @choll24 was 3/3 for 3TDs in the first quarter, and‚Ä¶ https://t.co/9h64M5J3am 
cody_seiya, Mon Jan 25 21:25:53 +0000 2021, -80.347120, 25.671986, hope everyone is having a chill monday ‚ù§Ô∏è https://t.co/1aX23B3eAR 
livi_piggy, Mon Jan 25 21:25:53 +0000 2021, -95.446486, 29.838495, the biggest lump in my throat 
jackpotshorty, Mon Jan 25 21:25:53 +0000 2021, -115.133373, 36.249124, How tf do you forget you got $2,000ü§¶üèª‚Äç‚ôÄÔ∏èüòÇ 
PrinceJAYSWorld, Mon Jan 25 21:25:53 +0000 2021, -83.804475, 27.698682, Don‚Äôt just spit on it. Look into their eyes  so they know it‚Äôs real üí¶ 
queenbess001, Mon Jan 25 21:25:53 +0000 2021, -95.446486, 29.838495, Alright Now üëèüèΩ !!! 
ElephantCoyote, Mon Jan 25 21:25:54 +0000 2021, -112.299283, 40.538342, @joncoopertweets I would immediately call animal control. 
YOELPOTRO, Mon Jan 25 21:25:54 +0000 2021, -100.244559, 26.123250, @YosoyPeter8a @ArqExtinchango Todo meco. 
sadalieee, Mon Jan 25 21:25:54 +0000 2021, -118.203378, 33.925262, These are so fucking pretty, go support. üíó 
pattykelly104, Mon Jan 25 21:25:54 +0000 2021, -88.232444, 42.216222, @karen12steps We call it Whole Paycheck 
MarioKaryera, Mon Jan 25 21:25:54 +0000 2021, -73.723025, 45.557830, @Turquois_Paul Sympathique! üòé 
RedHelicam, Mon Jan 25 21:25:54 +0000 2021, -121.280423, 38.579524, @JJ09857996 @GeoffRBennett Trump got what he gave 0 follower troll. 
406Northlane, Mon Jan 25 21:25:54 +0000 2021, -81.863974, 41.138782, With my little train engineer (@ Ormandy's Trains &amp; Toys in Medina, OH) https://t.co/ob7ssqu7vO 
KFree112, Mon Jan 25 21:25:54 +0000 2021, -85.708795, 42.897879, Do you wanna boss up or just keep changing shifts 
SBakerMD, Mon Jan 25 21:25:54 +0000 2021, -117.709877, 33.594268, Alright it doesn‚Äôt take that long to read! #ShareTheLove https://t.co/Dw0aT1dKon 
AB_Barbee, Mon Jan 25 21:25:54 +0000 2021, -83.148043, 42.579003, I made a very similar like move on @TomBrady &amp; the @Patriots back in ‚Äò08 and was lucky enough to have ‚Äúsomeone‚Äù sho‚Ä¶ https://t.co/rukA63fymH 
ArtzRachel, Mon Jan 25 21:25:53 +0000 2021, -112.124676, 33.552863, Snow!?! in Phoenix!? The valley of the sun!? üò±‚ùÑÔ∏èü•∂ https://t.co/gBJRO937ys 
TaoDaoMan, Mon Jan 25 21:25:55 +0000 2021, -112.315212, 33.439296, @JerryHo46746037 Same as the old boss..... 
HEALZ63, Mon Jan 25 21:25:55 +0000 2021, -73.831187, 40.670879, @NYRKelsMads Well... you have a nice set... 
LabBarber, Mon Jan 25 21:25:55 +0000 2021, -83.211939, 42.198640, Just posted a photo @ Hair Lab Detroit Barber School https://t.co/8tUV9ZPZIW 
SpartanScience7, Mon Jan 25 21:25:55 +0000 2021, -80.761158, 41.097471, @nick_demain 
cynlizxo, Mon Jan 25 21:25:55 +0000 2021, -77.017853, 39.008349, @flyperspective You can't wait for March? Lol 
MattyDorf, Mon Jan 25 21:25:55 +0000 2021, -101.267940, 48.232810, @criticalthotcop I agree 
monmouth_SAB, Mon Jan 25 21:25:55 +0000 2021, -74.019204, 40.288591, Starting off our spring semester with mentalist! Be amazed at the wonder of thoughts and predictions, and it might‚Ä¶ https://t.co/r0G2gTt2IT 
WidanKori, Mon Jan 25 21:25:55 +0000 2021, -89.922029, 35.133521, I was bench pressing 73 pounds today and didn't even know it!ü•∫üëèüèø 
christahjay, Mon Jan 25 21:25:56 +0000 2021, -96.879957, 32.924548, Tik tok followers be loyal af ü•¥ you bitches could never 
904Skrilla, Mon Jan 25 21:25:56 +0000 2021, -84.532133, 33.948124, Same with midtown. Car break-ins happen everyday all day over there. 
SykotikSanity, Mon Jan 25 21:25:56 +0000 2021, -118.203481, 33.999766, Weather says it‚Äôs supposed to rain at 2 &amp; that‚Äôs it üòë 
fipineapplesada, Mon Jan 25 21:25:56 +0000 2021, -83.804475, 27.698682, But in the good side of it we‚Äôre finally get a Wingstop so that exciting for me 
stoffer81, Mon Jan 25 21:25:56 +0000 2021, -83.804475, 27.698682, @x_Th3_Truth_x @LeagueWgm I might be working on the rainbow- gotta check what I have already.  But not opposed 
Dias4NDP, Mon Jan 25 21:25:57 +0000 2021, -79.272570, 43.629311, Mental health services are financially out of reach or, to put it plainly, practically nonexistent. The usual neo‚Ä¶ https://t.co/GHqN6psIlY 
kristyvongardne, Mon Jan 25 21:25:57 +0000 2021, -85.722346, 38.195555, Way to go, ‚ÄúEddie‚Äù Gardner! Flashback to 1983. 
inconsistencyy_, Mon Jan 25 21:25:57 +0000 2021, -98.540651, 29.417501, my bf been talking cash shit ab arby‚Äôs and i got some today and he tried it and is like omg that shit gas wtf 
kingt__25, Mon Jan 25 21:25:57 +0000 2021, -118.411907, 34.020789, My next mission is definitely gonna be a baby glock! #glock26 https://t.co/0jjho0RF68 
YAVTweets, Mon Jan 25 21:25:57 +0000 2021, -82.985772, 39.994684, @isabella_eten So... is he thinking it‚Äôs some sort of privilege for a vegan to go out with a non-vegan? Because hes‚Ä¶ https://t.co/yeIGV1n1ZN 
PaulMSauceda, Mon Jan 25 21:25:57 +0000 2021, -97.391776, 27.979912, Living with your significant other is all about routines 
tim_radio, Mon Jan 25 21:25:57 +0000 2021, -94.255668, 35.214574, https://t.co/0Sl69ExZZw 
notasheep803, Mon Jan 25 21:25:57 +0000 2021, -80.926628, 33.631140, Accurate lol 
JB_SoledOut, Mon Jan 25 21:25:58 +0000 2021, -98.716992, 35.309047, I‚Äôm Harlem shakin through the pressure 
NoahAlexander56, Mon Jan 25 21:25:58 +0000 2021, -117.915261, 34.138088, Fuck I just took a phat L üòÑ 
Factorygirlruby, Mon Jan 25 21:25:58 +0000 2021, -118.411907, 34.020789, Sissy little fagboy in Los Angeles loves BBC..‚ô†Ô∏èüåàü¶Ñüåàüíóüíã.#sissytrap #sissyfaggot #sissyhumiliation #sissygangbang‚Ä¶ https://t.co/SW1PZ6cT4p 
tmj_las_sales, Mon Jan 25 21:25:58 +0000 2021, -115.139830, 36.169941, See our latest #LasVegas, NV #Sales job opportunity and click the link in our bio to apply: Commission Sales Repres‚Ä¶ https://t.co/pVqF7ZvMAS 
tmj_NHC_GOVERN, Mon Jan 25 21:25:58 +0000 2021, -71.513045, 42.855038, We're hiring in #Merrimack, NH! Click the link in our bio to apply to this job and more: Cyber Security, Informatio‚Ä¶ https://t.co/lImSJ7ilnJ 
BustDwnLambiana, Mon Jan 25 21:25:58 +0000 2021, -83.260274, 42.479810, @BanderXx ü§§ü§§ü§§ cause spitting is for losers. 
bethgrace194, Mon Jan 25 21:25:58 +0000 2021, -94.528463, 36.183376, Happy Burns Night, friends! How are you creativity and in a Covid-safe way celebrating? üè¥Û†ÅßÛ†Å¢Û†Å≥Û†Å£Û†Å¥Û†Åø #BurnsNight‚Ä¶ https://t.co/MZ7aGMUgXq 
KingThelonious, Mon Jan 25 21:25:59 +0000 2021, -87.732013, 41.833585, I think I should be snowed in with some Baba‚Äôs. 
Ogmj3X, Mon Jan 25 21:25:59 +0000 2021, -82.442694, 27.996595, So reala 
CharlesD_Gabet, Mon Jan 25 21:25:59 +0000 2021, -85.170051, 41.086917, Old selfie in black https://t.co/XT6wjXl9mX 
fdaalvarezg, Mon Jan 25 21:25:59 +0000 2021, -116.929102, 32.332876, Como amo a mi mam√°! Siempre disfruta todooo üòç 
Bianca2Gonzalez, Mon Jan 25 21:25:59 +0000 2021, -100.076888, 31.168893, MEEEEEEEE 
S16Derek, Mon Jan 25 21:26:00 +0000 2021, -122.274055, 47.905972, @LS_Shady1 But....Byeman! Bayles! Mr.Beal! ü•≤ü•≤ü•≤ü•≤ 
OmarGares, Mon Jan 25 21:26:00 +0000 2021, -100.366033, 25.650287, @jxnathanng Si se puede poner otra vez en la estufa √©chale agua y papa para que absorba lo mas que pueda de sal. 
codedblue696, Mon Jan 25 21:26:00 +0000 2021, -73.948775, 40.655138, ÂèØÊÑõ„ÅÑ„Çà„ÄÄ= ‰Ωï„ÇÑ„Å£„Å¶„ÇÇË®±„ÅôÔºÅ 
axl82012, Mon Jan 25 21:26:00 +0000 2021, -84.560904, 39.404061, Just got off phone if you. Can't file claim online you must call unemployment office I was on hold for hour 
tacosnotwar, Mon Jan 25 21:26:00 +0000 2021, -118.411907, 34.020789, @airinforceone You got this baby! 
DebarringtonH, Mon Jan 25 21:26:00 +0000 2021, -82.522582, 36.512493, @robertjdenault Thank you! 
jeni_jenny, Mon Jan 25 21:26:00 +0000 2021, -74.184848, 40.734494, Please follow your intuition! 
Simpeandoo, Mon Jan 25 21:26:00 +0000 2021, -100.168717, 25.778679, @xxjohan69 No te gusta? 
simlin_wendell, Mon Jan 25 21:26:00 +0000 2021, -88.279219, 40.107484, @beyondtime101 I saw that too, Media is doing a good fuck job to the BW mind in pursuit to validate her abandonment‚Ä¶ https://t.co/DtSHFpVQAc 
aliciaannlobo, Mon Jan 25 21:26:01 +0000 2021, -115.038337, 36.006256, Proud of my dad and this project‚ù§Ô∏è 
DrKeva, Mon Jan 25 21:26:01 +0000 2021, -82.442694, 27.996595, @Amarie_Jones5https://t.co/XatNUGhr9K 
ErinESilcox, Mon Jan 25 21:26:01 +0000 2021, -110.775540, 43.474499, @krwedemeyer So sorry to hear this! 
hroblesq, Mon Jan 25 21:26:01 +0000 2021, -84.340338, 34.041212, @juannyem @dcuiros Lo siento mucho 
darksecretplace, Mon Jan 25 21:26:01 +0000 2021, -119.306608, 37.269176, You can't see it, but trust me it's snowing at Rancho PewPew.@GaryandShannon @KFIAM640 https://t.co/Q0Q3LA0RlV 
JayZawaski670, Mon Jan 25 21:26:01 +0000 2021, -87.665193, 41.558940, @RamblinGrimace @ImFatPod No 
lolababy97, Mon Jan 25 21:26:01 +0000 2021, -80.187553, 25.868938, Let‚Äôs get this content üò¨ 
deborahamos, Mon Jan 25 21:26:01 +0000 2021, -74.665028, 40.349650, Twilight zone 
MrsAstronskas, Mon Jan 25 21:26:01 +0000 2021, -81.705467, 41.495940, Omg this would be so freakin awesome!!! 
uaprae, Mon Jan 25 21:26:01 +0000 2021, -80.926628, 33.631140, ??? 
GabinoGrhymes, Mon Jan 25 21:26:01 +0000 2021, -111.547029, 39.499762, @georgelife Thanks bro! https://t.co/1mjKqq8bWZ 
HumbleGaming3, Mon Jan 25 21:26:02 +0000 2021, -77.236969, 38.805115, @DamienGamesYT @FortniteGame Must Of been a glitch because it works now 
_AlexaTaylor, Mon Jan 25 21:26:02 +0000 2021, -84.433106, 33.767195, I‚Äôve literally seen zero headlines about Brady being in the Super Bowl AGAIN even after everyone said he couldn‚Äôt.‚Ä¶ https://t.co/fXOKfTU0hg 
JoyerKaron, Mon Jan 25 21:26:02 +0000 2021, -93.361321, 46.441861, Congratulations 
CLidd2, Mon Jan 25 21:26:02 +0000 2021, -73.968542, 40.780709, @tylltt I can‚Äôt wait until WSB starts trading Argentinian CDS. 
kentfitz1, Mon Jan 25 21:26:02 +0000 2021, -80.938668, 29.098774, @joncoopertweets No bueno 
Springsimphony, Mon Jan 25 21:26:02 +0000 2021, -74.010886, 40.787365, @CatHaven04 @GA_djt @gatewaypundit Biden takes care only for his ass 
pittman_nairobi, Mon Jan 25 21:26:02 +0000 2021, -115.223125, 36.232915, @MOJSHOW @8NewsNow https://t.co/nLQF1hkhk7 
Kushiiekay, Mon Jan 25 21:26:02 +0000 2021, -80.090977, 26.640987, It‚Äôs been a long ass workday I‚Äôm ready to go home and roll up 
babieleys, Mon Jan 25 21:26:02 +0000 2021, -118.248063, 33.839612, yesterday was a dream lmao then monday came https://t.co/1iHvVBW0jD 
baconmanlives, Mon Jan 25 21:26:03 +0000 2021, -73.692005, 42.826026, Kaepernick brought his politics right onto the field. He made it impossible to separate the two, he made sure of th‚Ä¶ https://t.co/fF7mKPYtiC 
este11aa, Mon Jan 25 21:26:03 +0000 2021, -121.739163, 38.558554, livin in 2 parts of the state b like 
itsnikkay2, Mon Jan 25 21:26:03 +0000 2021, -76.148999, 39.497703, Literally 
marissaotter, Mon Jan 25 21:26:03 +0000 2021, -117.104989, 32.810012, It‚Äôs literally the love of my life‚Äôs birthday, should I propose? 
Kennylove702, Mon Jan 25 21:26:03 +0000 2021, -115.223125, 36.232915, @lanechanged Yes... that.. 
Jazz_supathick, Mon Jan 25 21:26:03 +0000 2021, -78.853563, 42.896230, Well behaved women don‚Äôt make historyüíÖüèΩ 
Pooh2Shiestyy, Mon Jan 25 21:26:03 +0000 2021, -83.508889, 31.455103, Ion Even Want HaüëéüèæI Jus Fuked Ha Cuz She Like Meüòé 
palmbeach4h, Mon Jan 25 21:26:03 +0000 2021, -80.122619, 26.721896, From a pipped egg to a newly hatched chick at the Conservatory School today. #embryology #4HGrowsHere #lifecyclePh‚Ä¶ https://t.co/OywsT57Zgm 
ChrisKuzmich, Mon Jan 25 21:26:04 +0000 2021, -122.422920, 37.805850, Thanks everybody who sent birthday messages. Truly appreciate it. Helped make it as normal as a birthday could be,‚Ä¶ https://t.co/tSBCFZx4zE 
OGsammyC, Mon Jan 25 21:26:04 +0000 2021, -79.857363, 36.090397, Prescribe pills to offset the shakes, to offset the pills you know you should take.... it a day at a time 
OnlyYungSenpai, Mon Jan 25 21:26:04 +0000 2021, -118.411907, 34.020789, @steezydiggs Or you can go to your mechanic monthly for a check up , they always get my tires right 
TonyUlchar, Mon Jan 25 21:26:04 +0000 2021, -80.846785, 35.209059, No time to waste. Do it NOW. We don't  need a study group, just shut it down. NOW. Most elementary school kids I k‚Ä¶ https://t.co/ruMODeswr5 
BigBlackDevin, Mon Jan 25 21:26:04 +0000 2021, -82.746851, 28.085864, @GratzBeats https://t.co/jxN2NOnvUt 
fredseibert1, Mon Jan 25 21:26:05 +0000 2021, -105.074908, 40.409374, @jadedcreative Nasty and true. 
estherclimate, Mon Jan 25 21:26:05 +0000 2021, -73.831187, 40.670879, @fatoulaminjeng1 @AmponsemJoshua I didn‚Äôt think I had a choice üòç 
Tony_Medaglia61, Mon Jan 25 21:26:05 +0000 2021, -73.623490, 40.874447, @SurvivorsShield üôèüíôüôè 
akoroma_, Mon Jan 25 21:26:05 +0000 2021, -73.950000, 40.650000, ‚ÄúI‚Äôm The Face Of The Franchise, My Team Don‚Äôt Have To Worry Bout No Quaterback‚Äù ~ @roilush ... just a reminder,‚Ä¶ https://t.co/H4xtUVWT2q 
lenny_rosen, Mon Jan 25 21:26:05 +0000 2021, -80.682089, 40.888742, @DidPony Don't know,  personally,  I'm a two titty guy ! (one at a time,  of course) ! 
dj__dagreat, Mon Jan 25 21:26:05 +0000 2021, -95.446486, 29.838495, @_InMayapinion Nah, definitely black Israelites .. them mf‚Äôs aggressive lol 
AmandaMAtwell, Mon Jan 25 21:26:05 +0000 2021, -98.245675, 26.240690, Randall Texas, the county my car is still registered in making the list ü•≤ so proud! 
LindaCranford18, Mon Jan 25 21:26:05 +0000 2021, -79.861034, 35.170499, @CarsonTheKFBfan @EvilMattyD Me too 
Zythen, Mon Jan 25 21:26:05 +0000 2021, -78.698701, 33.876932, @ajitgeorgeSB I got it in my early 40s.  It was not all of a sudden, but it did come on rather quickly, ( a few tim‚Ä¶ https://t.co/idEl4KR4vT 
JazzieBbyj, Mon Jan 25 21:26:05 +0000 2021, -73.860857, 40.944568, Can‚Äôt wait to see my baby treyyyyy 
joseybaby14, Mon Jan 25 21:26:05 +0000 2021, -83.804475, 27.698682, Never thought I would be almost 22 singing to Hannah Montana at the top of my lungs while in traffic because I had‚Ä¶ https://t.co/fvu54BZymH 
Fatfartrunning, Mon Jan 25 21:26:05 +0000 2021, -98.319925, 38.498196, @jenniferlee_75 I don't hate Tom Brady, but I'll never cheer for Tampon Bay.ü§∑üèª‚Äç‚ôÇÔ∏è 
GOOGLEMETORI, Mon Jan 25 21:26:05 +0000 2021, -77.604684, 41.117936, Y‚Äôall it‚Äôs day 1 of semester 3 of nursing school and I‚Äôm already behind. 
NieceyHall, Mon Jan 25 21:26:05 +0000 2021, -84.212973, 33.850397, Work and mom duties 
CrossLuka, Mon Jan 25 21:26:05 +0000 2021, -94.148022, 36.335612, If I see anyone wear white to my friends wedding I may or may not have a super soaker of red whine in my trunk üòÇ https://t.co/wp5icmvi1r 
AngeliqueMGR, Mon Jan 25 21:26:05 +0000 2021, -87.732013, 41.833585, Tecnolog√≠a de primera, mi esposo me puso ese trapo para que par√© ah√≠ y no vaya a golpear la m√°quina de la nieve! https://t.co/FJjxRTmHNF 
NorwoodNadia, Mon Jan 25 21:26:06 +0000 2021, -95.508925, 29.574284, Ummm no Ellen is actually funny 
aratoferreira, Mon Jan 25 21:26:06 +0000 2021, -117.072318, 33.120359, Depois d'as inimigas, uma nova figura assombra esta rede social: a amiga de voc√™s. 
TonyBaumstarck, Mon Jan 25 21:26:06 +0000 2021, -100.247165, 44.212508, @LogJ1776 The difference is, there's a better chance of finding honest people in the Patriot party 
PersisterCrone, Mon Jan 25 21:26:06 +0000 2021, -78.895441, 35.990983, #BringThemBack #TheThinkingProject #TTP 
lukeradel, Mon Jan 25 21:26:06 +0000 2021, -75.226986, 43.119680, @my1rstthrowaway @josh_wingrove @JenniferJJacobs I mean where is Biden 
phattestofpats, Mon Jan 25 21:26:06 +0000 2021, -97.135638, 32.701850, Someone please tell my nose hairs to chill out 
jastay95, Mon Jan 25 21:26:06 +0000 2021, -95.446486, 29.838495, @IsaacMCantu Fuck that hoe period 
GarboLxrd, Mon Jan 25 21:26:06 +0000 2021, -73.412157, 40.702793, Swilli baby siwo something different it‚Äôs like kenep ak kan epi ou desand li ak on fresco talk about diabetes Lmaoo 
Ruby_8385, Mon Jan 25 21:26:06 +0000 2021, -85.059728, 41.374191, @DineshDSouza https://t.co/euMKgIyTtm 
APilgrimsCoffer, Mon Jan 25 21:26:06 +0000 2021, -79.861034, 35.170499, @ProgressingPil2 @5pointsMckinley @Pastor_Gabe https://t.co/GFT0g8qmjU 
FangMcFrost91, Mon Jan 25 21:26:07 +0000 2021, -83.804475, 27.698682, @briarwood_sissy You got one lol 
thepplsbottom, Mon Jan 25 21:26:07 +0000 2021, -73.948775, 40.655138, Beyond annoyed that at peak hotness I managed to lose my ID and never set up any clip sites when I still had it 
clark_packard, Mon Jan 25 21:26:07 +0000 2021, -77.014398, 38.898603, @FreeTradeBryan Been listening to Strangers by the Kinks a lot lately. Great song! 
thebig10inchNYC, Mon Jan 25 21:26:07 +0000 2021, -73.968542, 40.780709, @marksolanoxxx @marksolanoxxx let me be your tutor üòú 
JuanCrrza57, Mon Jan 25 21:26:07 +0000 2021, -111.498181, 28.969863, @DuarteAntonio93 Juan 2021 
ItzMrBlunt2Yall, Mon Jan 25 21:26:07 +0000 2021, -117.000831, 32.705576, https://t.co/BNPIMR3oCF 
mercikiyah, Mon Jan 25 21:26:07 +0000 2021, -84.527370, 33.916276, @hardlyruru albiüíïüíï 
SincerelyAishe, Mon Jan 25 21:26:08 +0000 2021, -87.732013, 41.833585, WAIT. 9-1-1 is back on?! 
WhtKnklNiko, Mon Jan 25 21:26:08 +0000 2021, -83.804475, 27.698682, Gonna be adding alot more to this today... https://t.co/9NQ2wetaow 
janmsmith24, Mon Jan 25 21:26:08 +0000 2021, -86.851177, 35.935017, You got that right!! 
george_version1, Mon Jan 25 21:26:08 +0000 2021, -90.445777, 31.590663, Lord of the Fucking Rings 
valerieberta, Mon Jan 25 21:26:08 +0000 2021, -92.436774, 38.304558, @PaulWChambers70 @hgrahamjackson Mine is in the tiny sunroom at the back of my house. I‚Äôm proud of making do with a‚Ä¶ https://t.co/5pbwnzYmVm 
dinoralhr, Mon Jan 25 21:26:08 +0000 2021, -101.220857, 26.878203, üòâ https://t.co/3NbJePfbde 
thefitaviatrix, Mon Jan 25 21:26:09 +0000 2021, -122.475000, 48.750200, Just posted a photo @ Bellingham, Washington https://t.co/8lMwwPBbkt 
b_hibbs, Mon Jan 25 21:26:09 +0000 2021, -86.520209, 36.221709, Imagine listening to George Plaster in the year 2021. How does one find that show anyways, didn‚Äôt they do away with‚Ä¶ https://t.co/bAO6skyrsj 
andrew_crowe5, Mon Jan 25 21:26:09 +0000 2021, -75.386460, 39.145024, LETS GOOOOOOOO 
_iDoTheMost, Mon Jan 25 21:26:09 +0000 2021, -95.446486, 29.838495, Where the stimmy 
emilykriegart, Mon Jan 25 21:26:09 +0000 2021, -83.268544, 42.225577, @chelsalame https://t.co/ftBRIFgO6Z 
cyn_sear, Mon Jan 25 21:26:09 +0000 2021, -96.398422, 30.159590, Lost files üîô https://t.co/sBeSSGcd0U 
SykotikSanity, Mon Jan 25 21:26:09 +0000 2021, -118.203481, 33.999766, Like the rest of the hours are clear for rain lmao wtf man 
jsinijr, Mon Jan 25 21:26:09 +0000 2021, -73.968542, 40.780709, @easygranby @GovNedLamont Nice catch. Where did they go? 
SHerreraAZ, Mon Jan 25 21:26:09 +0000 2021, -111.858398, 33.639340, Oh, for f*cks sake. üê±ü§¶üèª‚Äç‚ôÄÔ∏è 
markdesalvo, Mon Jan 25 21:26:09 +0000 2021, -117.158500, 32.715500, Just posted a photo @ San Diego, California https://t.co/zl2FiaiYec 
Cook9er, Mon Jan 25 21:26:10 +0000 2021, -82.597027, 31.861903, @queenlexmariah Lexi, what kind of response is this? ü§£ 
zw420, Mon Jan 25 21:26:10 +0000 2021, -117.104989, 32.810012, @ILLENIUM @MonsterEnergy I can see the stages getting insane as Monster likes to do 
shesokens, Mon Jan 25 21:26:10 +0000 2021, -81.109617, 32.017285, tellinya. A Heaven sent angel answered our prayers üôèüèæ 
RealMindofJson, Mon Jan 25 21:26:10 +0000 2021, -73.849441, 40.850347, Fuck all that shit Im just tryna nutt https://t.co/gMwuLm3DS1 
WilliamChagoll2, Mon Jan 25 21:26:10 +0000 2021, -117.299027, 34.121031, https://t.co/UPXEy3qED0 
cakesbymikos, Mon Jan 25 21:26:10 +0000 2021, -84.049720, 34.034560, Just posted a photo @ Cakes by Mikos LLC https://t.co/8mSmcBOqMv 
Cassperloc, Mon Jan 25 21:26:10 +0000 2021, -115.135165, 36.060964, https://t.co/m48Hp3CRVa 
mannyswrld3, Mon Jan 25 21:26:10 +0000 2021, -111.928142, 33.392884, You must‚Äôve not been paying attention 
Shanxoxoo, Mon Jan 25 21:26:10 +0000 2021, -81.441568, 41.176533, I‚Äôm getting my windows tinted on my car Friday and I am beyond excitedü§© 
Izajam04Isabel, Mon Jan 25 21:26:10 +0000 2021, -98.540651, 29.417501, @Stef_Art1 @RobertDowneyJr @TheB52s Love this! Awesome!‚ù§‚ù§‚ù§ü§ó 
CoachRafaZ, Mon Jan 25 21:26:10 +0000 2021, -95.538134, 30.337514, This is crap radio. Natalie was right @espn975 
ThomasLinkoff, Mon Jan 25 21:26:11 +0000 2021, -122.549697, 47.544954, @MSNBC Next you'll be saying we need to recall all the money in circulation because it doesn't have Biden's balls o‚Ä¶ https://t.co/0Uh72Q1dUh 
erinncoxx808, Mon Jan 25 21:26:10 +0000 2021, -86.142922, 39.779562, kale hat ü•¨ https://t.co/tSDPMDfYbx 
kingkolby_, Mon Jan 25 21:26:11 +0000 2021, -157.799589, 21.319944, that boy simon stern üòÇ 
dyland1967, Mon Jan 25 21:26:11 +0000 2021, -97.552161, 35.482844, @samg44667 That‚Äôs great to hear! üôèüèª 
itsdaffsworld, Mon Jan 25 21:26:11 +0000 2021, -75.117998, 40.004866, Huh? Until he ask, im single üòå. No assumptions over here ! #communication 
JadeGeoege, Mon Jan 25 21:26:11 +0000 2021, -123.250612, 49.264573, Really should go homeüòînot like anyone cares or noticeüò•Probably not safe yetüíäüî™It will brings back too many #PTSD‚Ä¶ https://t.co/wYoiZBj2Bw 
Lizzie_Lou_5, Mon Jan 25 21:26:11 +0000 2021, -80.926628, 33.631140, So when do the First Dogs get their own Twitter and Instagram? 
erinbuggg_, Mon Jan 25 21:26:11 +0000 2021, -79.861034, 35.170499, Y'all need to check out @lunnaccy 's shop!!! My computer is covered in her stickers and I just got a keychain from‚Ä¶ https://t.co/qBIhcU7QK7 
jeffdescoteaux, Mon Jan 25 21:26:11 +0000 2021, -71.316057, 42.741090, @SuffoKait @zerepwrestling It's in my head now. 
HeatherMcElro19, Mon Jan 25 21:26:11 +0000 2021, -73.922260, 40.877725, @PrisonPlanet lol !üòúüá®üá∫ https://t.co/Ji3w14MdxE 
feline_myself_, Mon Jan 25 21:26:11 +0000 2021, -80.115254, 43.745305, Finally some trust worthy leaders 
quanierashad, Mon Jan 25 21:26:11 +0000 2021, -75.378662, 39.856209, this nap bouta do me cause I‚Äôm just over it üôÑ 
MarthaW27249491, Mon Jan 25 21:26:11 +0000 2021, -117.104989, 32.810012, @SupFletcher Hope hire people the county need nurse and doctor 
Robin824, Mon Jan 25 21:26:12 +0000 2021, -73.968542, 40.780709, @Sritika_ Absolutely amazing Sritika, please send me some? üôèüèº 
Undrgrnd_Pmmb, Mon Jan 25 21:26:12 +0000 2021, -84.263061, 33.801361, Jesus can I have this sexy specimen of a black man or you just playing with me again..... cause this is 10 years la‚Ä¶ https://t.co/5BJyV3rNI3 
king_bainbridge, Mon Jan 25 21:26:12 +0000 2021, -97.629440, 32.686929, @tristanmaybe09 i already been over this w youüíÄnobody worried about you stop making stuff up 
jayhawkscm, Mon Jan 25 21:26:12 +0000 2021, -94.559281, 39.100048, Hello @TheHerd 
JiMnM_, Mon Jan 25 21:26:12 +0000 2021, -89.876449, 32.571032, you should be wearing 69 masks 
viktoriaahhh, Mon Jan 25 21:26:12 +0000 2021, -77.604684, 41.117936, The weekend of thanksgiving is when this all went down &amp; I‚Äôm just going to leave it at that. 
Yoni_Thief, Mon Jan 25 21:26:12 +0000 2021, -122.258957, 38.009625, I've never actually gotten my makeup done professionally,  it would be nice to win that giveaway just because lol 
xodannae, Mon Jan 25 21:26:12 +0000 2021, -118.130426, 33.937674, Work is pretty chill 
bretttipton, Mon Jan 25 21:26:12 +0000 2021, -86.132449, 39.963250, üòÅüê∂üê∂ 
KiwiRawk, Mon Jan 25 21:26:12 +0000 2021, -110.915573, 32.189391, What if... Masaki and Ichigo took the quincy route?#bleach #bleach2021 #masaki #ichigo #kurosakiichigo‚Ä¶ https://t.co/ycTkqVIGSO 
jlee467, Mon Jan 25 21:26:13 +0000 2021, -86.435508, 36.965671, Tractor-trailer, car crash on Watterson Expressway ahead of rush hour commute https://t.co/gHykEF3xIU 
simonking_v, Mon Jan 25 21:26:12 +0000 2021, -74.063787, 40.778489, New York, 25/1/21Phone snapshots. https://t.co/UdxFvo0l4x 
rachelwmartin, Mon Jan 25 21:26:13 +0000 2021, -117.782360, 33.689732, @martinlabuci Pls do not order a whole Aldrich. K thx. 
JBlaineCaudill, Mon Jan 25 21:26:13 +0000 2021, -81.194850, 34.109023, @GamecockWSoccer @GamecocksOnline @NCAASoccer @SEC @camryn_10 @SoccerSmithsSC @pf_chang24 @hjmeadows8‚Ä¶ https://t.co/sF7vkCZVHN 
Drew3535, Mon Jan 25 21:26:13 +0000 2021, -84.554529, 33.312848, @SethWEmerson To the short side of the field....ü§¶üèª‚Äç‚ôÇÔ∏è 
976_LEO, Mon Jan 25 21:26:13 +0000 2021, -122.330602, 47.614817, @starsmoonandsun No me jodes is all you need 
Jean_fr3d, Mon Jan 25 21:26:13 +0000 2021, -73.433618, 45.510936, Lord John Coketon of Soul 
virghoej, Mon Jan 25 21:26:14 +0000 2021, -96.699604, 33.194651, Working through past hidden trauma to be able to love people in a different, trusting &amp; fair way is very hard. Some‚Ä¶ https://t.co/aslXtWigsr 
thenaiboi, Mon Jan 25 21:26:14 +0000 2021, -95.824553, 29.783996, ‚ù§Ô∏èüíØ 
joshranft_, Mon Jan 25 21:26:14 +0000 2021, -91.509719, 44.819522, @smlwld_danny He's already asked a question or two... 
GracePattersn, Mon Jan 25 21:26:14 +0000 2021, -77.604684, 41.117936, Why do we still gatekeep higher education? 
Dylanhaugh, Mon Jan 25 21:26:14 +0000 2021, -119.306608, 37.269176, The league is content to continue to live in the 70s, ratings will continue to suffer. 
kevins37, Mon Jan 25 21:26:14 +0000 2021, -76.195894, 40.631111, @DonutOperator Awesome! 
Coast2CoastPG, Mon Jan 25 21:26:14 +0000 2021, -85.641142, 42.956412, Daily goal: manifesting self love, empathy and mindfulness https://t.co/wPMwnOXCKO 
cristafaith1, Mon Jan 25 21:26:14 +0000 2021, -93.666378, 32.524673, The lawyer that was appointed to me in court lives in my apartments literally right beside me üò≠üò≠ü§¶üèª‚Äç‚ôÄÔ∏è 
intheolivegrov1, Mon Jan 25 21:26:14 +0000 2021, -70.907522, 42.515052, I love the bull #Top4Theme #Top4Countryside 
BadHg21, Mon Jan 25 21:26:15 +0000 2021, -83.804475, 27.698682, Craving a BLT right now. Maybe I‚Äôm just hungry? 
Pattyrdztre, Mon Jan 25 21:26:15 +0000 2021, -96.780007, 32.788407, Que sea muy bendecido y maravilloso.... Love en Baylor Scott &amp; White T. Boone Pickens Cancer Hospital https://t.co/oBJfVCqzQr 
pdq8ball, Mon Jan 25 21:26:15 +0000 2021, -95.913642, 36.109392, @SuzMcBrideBooks @JosephMIV466 I really think that when we stopped as a society talking about religion and politics‚Ä¶ https://t.co/UeFoVBXdZD 
no_sorta_bish, Mon Jan 25 21:26:15 +0000 2021, -118.411907, 34.020789, @SupJaniceHahn This is crazy. 
Son_Of_Saddam, Mon Jan 25 21:26:15 +0000 2021, -97.432425, 27.737151, Spaghetti for dinner Pull up i make a lot 
TheDerekDoll, Mon Jan 25 21:26:15 +0000 2021, -74.184848, 40.734494, D E A L B R E A K E R . üò™ 
iii_Mubarak, Mon Jan 25 21:26:15 +0000 2021, -117.154269, 46.730822, ÿßŸÑŸÑŸáŸÖ ŸÑŸÉ ÿßŸÑÿ≠ŸÖÿØ üôèüèΩ‚ù§Ô∏è. 
RJ_Y16, Mon Jan 25 21:26:15 +0000 2021, -72.876826, 40.794681, @GirlNxDoor Thank u baby, and ur very very welcome m√≠ amor. ‚ô•Ô∏è‚ù§Ô∏è‚ô•Ô∏èüíïüíôüíô 
AnitaKAcevedo2, Mon Jan 25 21:26:15 +0000 2021, -119.782465, 36.786042, @womanworried They are in a cult and probably brain washed 
MANIBADOULA, Mon Jan 25 21:26:15 +0000 2021, -76.620482, 39.284713, @hieirebirth Like she trynna be funny and I‚Äôm minding my business 
dcam39, Mon Jan 25 21:26:15 +0000 2021, -96.053431, 41.275721, üéß Funky For You by The Deadbeats on @PandoraMusic https://t.co/SNbJvmyRzn 
BarbBBerg, Mon Jan 25 21:26:15 +0000 2021, -111.880874, 33.282450, @jasonrantz @MZHemingway Makes a lot of sense, as the President  of people upeople people people uhave the forunder‚Ä¶ https://t.co/QK11coLo4c 
D2DNB, Mon Jan 25 21:26:15 +0000 2021, -96.863795, 32.604153, Hello @TasharaParker These photos popped up as one year ago memories. https://t.co/RKItMaQRyY 
vdzieciol, Mon Jan 25 21:26:15 +0000 2021, -119.034349, 34.225328, @cityofsarai happy birthday twin ü•≥ 
loganmbattle, Mon Jan 25 21:26:16 +0000 2021, -118.411907, 34.020789, I‚Äôm perpetually in need of a nap 
LisaHalsted, Mon Jan 25 21:26:16 +0000 2021, -96.696562, 40.803235, @HelmetGuy33 
Brandon_Mycal, Mon Jan 25 21:26:16 +0000 2021, -80.122619, 26.721896, #GameDay ü¶ÖüèÄ https://t.co/HKVoZWsevd 
MaineXavier, Mon Jan 25 21:26:16 +0000 2021, -82.672903, 27.795720, @HawleyMO @nypost Go funky yourself 
Clodadd4681, Mon Jan 25 21:26:16 +0000 2021, -74.377998, 40.538787, @Amouranth In 
andrew_a_smith, Mon Jan 25 21:26:16 +0000 2021, -118.411907, 34.020789, If @PrimeVideo could not misgender people that would be great. @amazon https://t.co/DcR0FmtYfh 
ernsttracksicp, Mon Jan 25 21:26:16 +0000 2021, -87.654030, 41.867100, A very special birthday for Wolfpack Assistant Coach Jim Owens‚Äîwith the first varsity basketball practice as his bi‚Ä¶ https://t.co/lnGCbXnIof 
BigBlackDevin, Mon Jan 25 21:26:17 +0000 2021, -82.442694, 27.996595, @cctrubiak @GHuntermusic @cleverweaponbnd @themattmassey @PeterandElla @Jreidmusic1 @Dirk_Scarlett @RobertoDiCristo‚Ä¶ https://t.co/v6Kd7iNwJN 
SerhatOkar, Mon Jan 25 21:26:17 +0000 2021, -77.118503, 38.981337, True story ü§òüèºü§ìü§òüèº https://t.co/3wA26TDVSk 
melaniecraycray, Mon Jan 25 21:26:17 +0000 2021, -118.411907, 34.020789, I love my piercings sm 
hongotit, Mon Jan 25 21:26:17 +0000 2021, -91.090800, 30.459100, I want my round with Beyonc√© 
DonnaWithrow2, Mon Jan 25 21:26:17 +0000 2021, -75.770041, 42.746617, It‚Äôs tough to find a gig as a professional liar 
SincerelyAishe, Mon Jan 25 21:26:18 +0000 2021, -87.732013, 41.833585, IKYFL 
Ambitious_Breed, Mon Jan 25 21:26:18 +0000 2021, -83.173867, 32.678207, @TomBrady @mr_jettlife 
LetoCarrion, Mon Jan 25 21:26:18 +0000 2021, -77.604684, 41.117936, Triste, mas verdadeiro. Um √© interessado na elei√ß√£o, outro t√° l√° sem nenhum tesao, s√≥ pelo sal√°rio milion√°rio. 
Miguelmuymalo, Mon Jan 25 21:26:18 +0000 2021, -77.440321, 37.349436, No lie when I see some tacos y'all post on here I just want to see where y'all went so I don't go there lol 
bud_chud, Mon Jan 25 21:26:18 +0000 2021, -96.621634, 32.907642, @ChrisVitoNY @DineshDSouza Everyone know that, and it a very bad argument to what he just posted. 
rumorsboutique, Mon Jan 25 21:26:18 +0000 2021, -77.449000, 37.549620, Just posted a photo @ Rumors https://t.co/Re6dW6nx7D 
mishl____, Mon Jan 25 21:26:18 +0000 2021, -118.411907, 34.020789, My new partners are all white üôÑ 
tmj_chi_acct, Mon Jan 25 21:26:18 +0000 2021, -87.875233, 42.114650, Career tip for landing jobs like "Client Rebate Support Advisor - 1436128BR" in #Northbrook, IL. Go on informationa‚Ä¶ https://t.co/DIsEpX1g67 
JasonJamanjay1, Mon Jan 25 21:26:19 +0000 2021, -80.263517, 26.124507, @DrDenaGrayson isn‚Äôt that the same thing trump said 
RussTaylorPhD, Mon Jan 25 21:26:19 +0000 2021, -72.712723, 41.530533, @laurenboebert There is a word for what you want: idiocracy! 
rez_devil, Mon Jan 25 21:26:19 +0000 2021, -112.124676, 33.552863, @WattyWattUSMC üòÑüòÑ Laveen is always extra. 
tmj_ut_nursing, Mon Jan 25 21:26:19 +0000 2021, -111.988020, 41.166874, This job is now open at Ogden Regional Medical Center in Ogden, UT. Follow us and turn on mobile alerts to hear abo‚Ä¶ https://t.co/uNXZkj1oFf 
Keisean, Mon Jan 25 21:26:19 +0000 2021, -118.411907, 34.020789, @jaronxavier The mayor ain‚Äôt approve it yet. üòÇ 
cola_okc, Mon Jan 25 21:26:19 +0000 2021, -98.716992, 35.309047, Yes!! 
chocolate4985, Mon Jan 25 21:26:19 +0000 2021, -82.985772, 39.994684, Learn me or I'm a Lesson 
AwichuAkwanya, Mon Jan 25 21:26:19 +0000 2021, -117.104989, 32.810012, https://t.co/upndB6z0nS 
Authentic_JDub, Mon Jan 25 21:26:19 +0000 2021, -100.076888, 31.168893, Going crazy for me in both my fantasy leagues 
KingSwankk, Mon Jan 25 21:26:19 +0000 2021, -70.973641, 42.532576, @CeeHawk he's late for his meeting with the dong deputy. 
jamieob256, Mon Jan 25 21:26:19 +0000 2021, -73.977717, 40.705597, @clairecmc I love your home. I bet you're going to miss it when you reclaim yourself Senate seat in what hopefully‚Ä¶ https://t.co/om1F0w3aUZ 
Zoomauto, Mon Jan 25 21:26:19 +0000 2021, -83.388226, 42.759745, @DailyCaller Who writes this bullshit he‚Äôs reading to us ? He surely didn‚Äôt think this over too well 
f1vke, Mon Jan 25 21:26:19 +0000 2021, -71.088712, 42.313670, ‡∏Ñ‡∏≠‡∏ô‡πÄ‡∏ü‡∏¥‡∏£‡πå‡∏°‡πÅ‡∏•‡πâ‡∏ß‡∏ß‡∏ß‡∏ß 
firetogold, Mon Jan 25 21:26:19 +0000 2021, -73.968542, 40.780709, She told me that she hate me but she back again 
chrsaund, Mon Jan 25 21:26:20 +0000 2021, -77.604684, 41.117936, @HughJNewman1 @Jass8203 @SpiritofHo @SamSeder @briebriejoy How many people would have been refused care if everyone‚Ä¶ https://t.co/MyIgIoro4X 
BeigeBabyJesus, Mon Jan 25 21:26:20 +0000 2021, -73.950000, 40.650000, bambooüéã @ Brooklyn, New York https://t.co/mK79ex0RHY 
fullerchandler8, Mon Jan 25 21:26:20 +0000 2021, -92.131274, 34.751936, @JackPosobiec I bet they find a violation in mine soon enough https://t.co/GqDNScnXf8 
Pabloisawesome, Mon Jan 25 21:26:20 +0000 2021, -96.761753, 32.819858, Wow. The fact a bunch of redditers and big time day traders actually caused GameStop stock to go by 120% and to cau‚Ä¶ https://t.co/iXg8Ys17ne 
InvestingChef, Mon Jan 25 21:26:20 +0000 2021, -73.053745, 41.224028, Just buy $nee and enjoy the next 50 years of tailwinds 
emblergh, Mon Jan 25 21:26:20 +0000 2021, -82.594437, 27.524916, @JordanLee582 @UNSAIDHS1 The entire city of New York begs to differ 
priyology, Mon Jan 25 21:26:20 +0000 2021, -122.279521, 37.875845, @AshleySmartSci Thanks Ashley!! ‚ù§Ô∏è 
ObiWillKenobiii, Mon Jan 25 21:26:20 +0000 2021, -82.442694, 27.996595, We getting Knights Of The Republic??? FINALLY! https://t.co/Eftb6yEIYk 
Ron_Corleone727, Mon Jan 25 21:26:20 +0000 2021, -81.571184, 28.605604, Continue working out. You act like you poppin that pussy or something lol. 
Nancy_C16, Mon Jan 25 21:26:20 +0000 2021, -99.738594, 40.770743, I‚Äôm watching Mariposa de Barrio because their life was so interesting but these actors just aren‚Äôt it 
_pvssygod_, Mon Jan 25 21:26:20 +0000 2021, -81.068556, 29.190223, ‚ú®‚ú®false alarm: i started my per*odüò≠üò≠üòÇüòÇ‚ú®‚ú® 
goodmanneronly, Mon Jan 25 21:26:20 +0000 2021, -73.723025, 45.557830, https://t.co/ninMVREabp 
MixedBy90, Mon Jan 25 21:26:21 +0000 2021, -75.181225, 39.965806, My son Different #PabloPicasso https://t.co/Q5kah0iEBB 
JoelRocks97, Mon Jan 25 21:26:21 +0000 2021, -93.639364, 42.032506, I don‚Äôt know what this trash is doing on my Discover Weekly, but if I‚Äôm forced to hear it I think you all should as‚Ä¶ https://t.co/fLHHR52yMa 
AladrianeC, Mon Jan 25 21:26:21 +0000 2021, -88.161555, 30.683649, That was a close one, never playing like that again 
queenjanaee, Mon Jan 25 21:26:21 +0000 2021, -122.630908, 45.536402, to bae‚Äôs neighbors..we apologize, we know the walls thinüòãüôÉ..but,that‚Äôs payback cus y‚Äôall be up talking loud asf at late hours. 
DwynWade, Mon Jan 25 21:26:21 +0000 2021, -92.204107, 34.841638, When Doja came out with MOO! &gt;&gt;&gt; 
Julie11033467, Mon Jan 25 21:26:21 +0000 2021, -80.345263, 27.300765, @nypost Who made this Leahy decision? He's a Democrat! This Sh$*is crazy! Inciting violence again. 
JohnyKeats, Mon Jan 25 21:26:21 +0000 2021, -117.239779, 33.184921, I just watched a presidential press conference and feel better than before watching. 
realStevenWalk, Mon Jan 25 21:26:21 +0000 2021, -73.968542, 40.780709, @NancyRomm You never answered his question, Nancy. ‚ÄúWhere are you form?‚Äù 
kz1961, Mon Jan 25 21:26:22 +0000 2021, -111.858398, 33.639340, @CoyotesAvs12 @JoeBiden üíØ 
JulesHalvy, Mon Jan 25 21:26:21 +0000 2021, -94.267541, 46.345307, @kmf116 @DonNadeau @CharlesMcCool @Touchse @Giselleinmotion @perthtravelers @DoroLef @SonjaSwissLife @AOAOxymoron‚Ä¶ https://t.co/lszvWD2CF6 
TheTroonCC, Mon Jan 25 21:26:21 +0000 2021, -111.858398, 33.639340, Snow sightings. https://t.co/w3hpueuxEo 
THELanceLenzi, Mon Jan 25 21:26:22 +0000 2021, -112.078054, 33.505775, #Sciaparelli #HauteCouture #Spring2021 #FavoriteLooks @schiaparelli @danielroseberry @ Pierson Place Historic Distr‚Ä¶ https://t.co/oAEtMnu9JX 
BRlANNARANEE, Mon Jan 25 21:26:22 +0000 2021, -96.761753, 32.819858, I genuinely have to remember that bitches will be 50 shades of envious yet will try to ‚Äúsis‚Äù their way into a ‚Äúfrie‚Ä¶ https://t.co/c67ihjQF7m 
margaretlalaw, Mon Jan 25 21:26:22 +0000 2021, -118.399639, 34.082497, Way to kick off good on day vibes! 
AshyBby69, Mon Jan 25 21:26:22 +0000 2021, -98.716992, 35.309047, i have to piss so bad 
KayRaeShay, Mon Jan 25 21:26:22 +0000 2021, -85.757323, 42.903701, Whata fricken damper on my day 
IAmDyamond_, Mon Jan 25 21:26:22 +0000 2021, -87.732013, 41.833585, I‚Äôm so sleepy üò¥ 
salfuckindolly, Mon Jan 25 21:26:22 +0000 2021, -118.411907, 34.020789, January reminds me of Korean bbq üíó 
B_de_Boinville, Mon Jan 25 21:26:22 +0000 2021, -77.118503, 38.981337, @econjared What a second rate set of replies to the CNBC reporter.... 
bka_TEMi, Mon Jan 25 21:26:23 +0000 2021, -95.446486, 29.838495, it ain‚Äôt such a thing as broke and handsome. 
toxicfemininiti, Mon Jan 25 21:26:23 +0000 2021, -118.503259, 34.415631, @IBoy154 @latimes Yeah I‚Äôm pretty sure that I remember our guide cracking some jokes about indigenous people and ca‚Ä¶ https://t.co/TDdiydVIAo 
mrs_n0pe, Mon Jan 25 21:26:23 +0000 2021, -117.035027, 32.985291, Ahhh!!!!! One of my faves!!! 
EdenSDX, Mon Jan 25 21:26:23 +0000 2021, -73.849441, 40.850347, @roosveltM13 @Jram1985 @jianky One love!!! 
_hodgesauce_, Mon Jan 25 21:26:23 +0000 2021, -82.160865, 29.120223, I Done Made It Out That Fireüî• Like It's Magic‚ú® /// 3Ô∏è‚É£5Ô∏è‚É£2Ô∏è‚É£‚úàÔ∏è3Ô∏è‚É£0Ô∏è‚É£5Ô∏è‚É£ https://t.co/C5gZIZS2y0 
WhalenBeth, Mon Jan 25 21:26:23 +0000 2021, -97.754724, 30.323346, @FieldYates @mluckovichajc If Rob Manfred is SERIOUS abt incldng Negro League Players' stats into ONE MLB LEAGUE ST‚Ä¶ https://t.co/IzxiPVyukf 
Stfu_Kay, Mon Jan 25 21:26:23 +0000 2021, -84.433106, 33.767195, I feel the same way , our bodies are constantly changing 
DaveSwisshelm, Mon Jan 25 21:26:24 +0000 2021, -84.621740, 40.105041, @OohLaCLE @KateLBarrett Kills me everytime! He‚Äôs lucky the grin on his face doesn‚Äôt give him away üòÇ 
chelemp, Mon Jan 25 21:26:24 +0000 2021, -86.244729, 32.364145, @ThomasKlineMD When my Physician retired(forced to retire),I was able to look normal, swim, excercise, lightly, wor‚Ä¶ https://t.co/voLL3XEJQw 
JaneAnneJ, Mon Jan 25 21:26:24 +0000 2021, -118.411907, 34.020789, .@NicolleDWallace @clairecmc Thanks for the heads up that the last question to @POTUS WAS FROM a Fox reporter becau‚Ä¶ https://t.co/hJRlqoXlSV 
chicagomotives, Mon Jan 25 21:26:24 +0000 2021, -87.632496, 41.883222, i know times are tough, but those sex ads on the front page are in really bad taste for @chicago_reader‚Ä¶ https://t.co/V02WFMd4wH 
GOTDIRTYGROUT, Mon Jan 25 21:26:24 +0000 2021, -115.223125, 36.232915, Tile and Grout Cleaning Orbitals verses 175 Floor Buffers https://t.co/HQVuniQzTQ via @YouTube 
LisaSelk, Mon Jan 25 21:26:24 +0000 2021, -96.761753, 32.819858, üòç https://t.co/pH7QOCrZk0 
thatsmesofia1, Mon Jan 25 21:26:25 +0000 2021, -118.918886, 34.188478, YOOOOOOO 
Courtyk23, Mon Jan 25 21:26:25 +0000 2021, -105.550890, 38.997936, Where is our $2000 at Mr. Prez????? @POTUS 
Chris_CrossYa2x, Mon Jan 25 21:26:25 +0000 2021, -89.922029, 35.133521, Demon Slayer really sad as hell if you think about it. 
beccacarrillo__, Mon Jan 25 21:26:25 +0000 2021, -97.754724, 30.323346, ü•≤ü•≤ü•≤ü•≤ü•≤ü•≤ü•≤ü•≤ü•≤ü•≤ü•≤ü•≤ü•≤ 
x1L0StTh3GAM3x, Mon Jan 25 21:26:25 +0000 2021, -77.747432, 43.106881, üòÇüòÇüòÇüòÇ omg I had many of these moments üò¨üò¨üò¨ https://t.co/shw0XysWS1 
NanosauR, Mon Jan 25 21:26:25 +0000 2021, -122.435979, 37.770657, @mezzwastaken It‚Äôs very fire 
TheBeastAnimal_, Mon Jan 25 21:26:25 +0000 2021, -83.804475, 27.698682, Happy Monday Everyone! I‚Äôm Watching Goodfellas On Netflix!!! It‚Äôs a classic!! üçøüé• #MondayVibes üôå #Unity üîÆ #AmFam üôè https://t.co/Guid3grksi 
quanierashad, Mon Jan 25 21:26:26 +0000 2021, -75.378662, 39.856209, this nap bouta be lovely ü•∫ 
JustTayy_, Mon Jan 25 21:26:26 +0000 2021, -96.621634, 32.907642, Living in two places is getting agg chile ... carting shit up and down the road is too much. I‚Äôm over it 
casonfikes, Mon Jan 25 21:26:26 +0000 2021, -96.690937, 32.964484, Son has to bury that 
BarbeeMerideth, Mon Jan 25 21:26:26 +0000 2021, -80.926628, 33.631140, i am so attention deprived rn 
bradsimmons, Mon Jan 25 21:26:26 +0000 2021, -84.769105, 37.889991, Just posted a video @ Cummins Ferry Campground https://t.co/Bs1JlDTN2U 
KevinMoss216, Mon Jan 25 21:26:26 +0000 2021, -81.340286, 41.698976, SPIRE is a state of the art athletic institution and I‚Äôm so honored to be part of their growth.  We have a bunch of‚Ä¶ https://t.co/zFztKJyhTp 
ItsKeshiaDydell, Mon Jan 25 21:26:26 +0000 2021, -96.621634, 32.907642, @iamcardib #fenty or #buttahskin 
Bridgep0rt, Mon Jan 25 21:26:26 +0000 2021, -73.743119, 43.142682, @CrazyRalph1980 @GinnyFieldF13 I think Jenny gave her bug to Ted Bundy 
alainsmi, Mon Jan 25 21:26:26 +0000 2021, -105.068348, 39.899287, This is your "false flag", @Oregon_GOP? 
paulopdyke417, Mon Jan 25 21:26:26 +0000 2021, -74.539446, 40.270419, Man, ole Bernie sure gets around. ü§£ü§£ü§£ https://t.co/fwbwETifQz 
NessBeltran, Mon Jan 25 21:26:26 +0000 2021, -116.929102, 32.332876, Realmente existe un mejor plan que Pizza &amp; Netflix? ü§î 
noeyyb, Mon Jan 25 21:26:26 +0000 2021, -95.470069, 29.537410, @_thetianameyers Never... PAPIüòÇüòÇüòÇ 
mekhai_white, Mon Jan 25 21:26:26 +0000 2021, -79.420865, 38.003376, @TJ_Randall12 can you follow me back coach?? 
MDK5ADAY, Mon Jan 25 21:26:27 +0000 2021, -79.857363, 36.090397, Bye @Taheshah I mean Felicia. 
LUXRE, Mon Jan 25 21:26:26 +0000 2021, -155.887958, 19.919061, Waikoloa, Hawaii - $1,999,000 USD https://t.co/foIAoroxfN https://t.co/nJIWt24bSa 
Robichaux, Mon Jan 25 21:26:27 +0000 2021, -90.833088, 29.794553, She loves competition in anything https://t.co/QrzZ3Ku7nJ 
simplybeverly27, Mon Jan 25 21:26:27 +0000 2021, -80.846785, 35.209059, @gimmedatbrain Same 
skela1979, Mon Jan 25 21:26:27 +0000 2021, -81.341729, 28.600186, @Trigga_Riley üò≠üò≠üò≠üò≠ where is the damn report button at üò≠üò≠üò≠üò≠ 
MelissaJLadner, Mon Jan 25 21:26:27 +0000 2021, -117.104989, 32.810012, @Maggarooo üå∏üåºüå∫üåªMaggaroooo I recognize you any where! üå∏üåºüå∫üåª 
PsykeXo, Mon Jan 25 21:26:28 +0000 2021, -76.324382, 39.503100, @nyhrox I gotchu 
dyamih_, Mon Jan 25 21:26:28 +0000 2021, -85.226924, 42.308297, Literally!! Y‚Äôall be couch hopping then bragging about how much money y‚Äôall got üò≠üò≠ shit I hope you got money. 
mrnranger, Mon Jan 25 21:26:28 +0000 2021, -122.605430, 37.968620, Just posted a photo @ Mount Tamalpais Watershed https://t.co/w23GJxKQfd 
ThePieShow, Mon Jan 25 21:26:28 +0000 2021, -95.393388, 29.484659, I want to learn how to play chess 
aureIiusjr, Mon Jan 25 21:26:28 +0000 2021, -96.961483, 32.863917, how jokic look skinny and fat 
S16Derek, Mon Jan 25 21:26:28 +0000 2021, -122.274055, 47.905972, @LS_Shady1 Must be something about the b last name 
elsiexwalker, Mon Jan 25 21:26:28 +0000 2021, -117.998733, 33.692542, i want a gf but i also want a bf but i also want both but i also want neither... anyways fuck valentines üòÅ 
hdufffan2, Mon Jan 25 21:26:28 +0000 2021, -73.831187, 40.670879, @kathygriffin You‚Äôre sexy at 60 &amp; as the singing words of Bette Midler ‚ÄúI‚Äôm beautiful, I‚Äôm beautiful, I‚Äôm beautiful damn it!‚Äù 
shine_t_, Mon Jan 25 21:26:28 +0000 2021, -90.011008, 29.982601, @jldeal Brees might as well go ahead &amp; do us all a favor &amp; retire it‚Äôs not like anything will change unless somethi‚Ä¶ https://t.co/Y3AX2YUiw9 
BrettJo47748839, Mon Jan 25 21:26:28 +0000 2021, -111.696468, 40.295113, He found multiple friends &amp; allies among American Oil Men, Media Barrons, The Walton Family who all shared his popu‚Ä¶ https://t.co/30hp3vxSuH 
tashalynndunn, Mon Jan 25 21:26:29 +0000 2021, -85.380540, 39.932606, Homework is difficult lately üòû wth is going on with my concentration 
SDApplianceCo, Mon Jan 25 21:26:29 +0000 2021, -117.085156, 32.705736, Inexpensive Electric Dryer repair service near #Encanto https://t.co/7mnCF6S4AR 
kriers, Mon Jan 25 21:26:29 +0000 2021, -93.156922, 45.014086, FYI: The Lincoln Project creeps being anonymously quoted aren‚Äôt ‚ÄúGOP operatives‚Äù anymore ü§∑üèª‚Äç‚ôÇÔ∏è 
tmj_CO_it, Mon Jan 25 21:26:29 +0000 2021, -105.782067, 39.550051, This job might be a great fit for you: Product Manager 2 - Data &amp; Insights (telecommute) - https://t.co/eKbRdEYrgA #IT 
Fredwanderss, Mon Jan 25 21:26:29 +0000 2021, -118.063704, 33.928933, ü§Æü§Æü§Æü§¢ü§¢ü§¢ü§¢ü§¢ü•¥ü•¥ü•¥ü•¥ü•¥ü§Æü§Æü§Æü§¢ü§¢ü§¢ü§¢ü•¥ü•¥ü•¥ü•¥ü•¥ 
playboinanda, Mon Jan 25 21:26:29 +0000 2021, -119.782465, 36.786042, @ahhhtthheennnaa likewise gorgeous ü•∞ 
slhudson, Mon Jan 25 21:26:29 +0000 2021, -123.480062, 48.426763, Thanks for supporting @islandkidsfirst üèí 
AdamEtchey, Mon Jan 25 21:26:29 +0000 2021, -100.076888, 31.168893, Introducing you'll have gotten what you wanted Brooklyn dad is to blame everybody else and not be a part of the solution 
Trey_Trilla, Mon Jan 25 21:26:29 +0000 2021, -90.011008, 29.982601, Today went by just as fast as I wanted it to be. Time to go get just asdrunk as I wanna be. Respectfully. 
Coach_BenHarley, Mon Jan 25 21:26:29 +0000 2021, -120.882482, 47.273022, https://t.co/pPqbETWsP1 
Center615, Mon Jan 25 21:26:29 +0000 2021, -86.761607, 36.174502, Did you know Center 615 is the oldest privately owned, locally operated coworking space in Nashville? Read more on‚Ä¶ https://t.co/pdvtCUG7Vx 
antoniodivine, Mon Jan 25 21:26:30 +0000 2021, -80.233328, 25.782353, @CityofMiami Federal officials, showing how rapidly the Biden administration is overhauling climate policy after ye‚Ä¶ https://t.co/RCLEO8DgyI 
bryanbehar, Mon Jan 25 21:26:30 +0000 2021, -118.411907, 34.020789, That feeling you get when you sleep till noon because you‚Äôre out of work then wake up to 4 texts from friends sayin‚Ä¶ https://t.co/aPjTq53wsZ 
Kadeo79, Mon Jan 25 21:26:30 +0000 2021, -119.306608, 37.269176, @idiot_salad I'm sure you can get your nuts rubbed somewhere cheaper than a hospital. 
ItzGomez_, Mon Jan 25 21:26:30 +0000 2021, -121.243741, 36.323570, I needa make a gay Twitter cause I have too many straight followers that would be shocked at the stuff I post üòÇ 
genester123, Mon Jan 25 21:26:30 +0000 2021, -75.181477, 39.829877, Yup.insane 
Ogmj3X, Mon Jan 25 21:26:30 +0000 2021, -82.442694, 27.996595, @LaszloNadja Thank you üòä 
bryana_x2, Mon Jan 25 21:26:30 +0000 2021, -80.834052, 33.514706, @Leek_ForShort10 Omg you wanna be me so bad lmao 
unlockpoker, Mon Jan 25 21:26:30 +0000 2021, -118.377313, 33.854669, @GavinNewsom Work with @MayorOfLA to open up Los Angeles!  It‚Äôs time to vote out weak and bad leaders like you guys‚Ä¶ https://t.co/n8cZptWq2B 
agonzalezfl, Mon Jan 25 21:26:30 +0000 2021, -80.125600, 26.234700, #anabelgonzalezfigueroa #australiaday #mibirthday #celebrations #micumplea√±os #diadeaustralia #celebraciones @ Pomp‚Ä¶ https://t.co/0zrpXvkWHf 
Bossmaine__, Mon Jan 25 21:26:30 +0000 2021, -97.135638, 32.701850, Because they know some people are still going to ‚ÄúLook Lebron Still his mask‚Äù , or whoever they adore still wears t‚Ä¶ https://t.co/pXtEpI9tBJ 
ATMKILLBILL, Mon Jan 25 21:26:30 +0000 2021, -76.255686, 36.895082, About my Gmas , aunties , my momma , cousins , my daughter my girlfriend or any of my homegirls yo ass is Gunna die‚Ä¶ https://t.co/eYLyZ40nkX 
curtis_foster1, Mon Jan 25 21:26:30 +0000 2021, -96.835249, 33.150140, ü§£ü§£ü§£Bigger than Basketball 
thauserkstp, Mon Jan 25 21:26:30 +0000 2021, -93.105649, 44.941516, MNIT Commissioner Tomes says online appointment access opens at 5 a.m. Tuesday...and phone lines at 9 a.m. The gove‚Ä¶ https://t.co/V2emuaK4sT 
tbeaux29, Mon Jan 25 21:26:31 +0000 2021, -94.216019, 30.250923, @BetoORourke @GregAbbott_TX  @SenTedCruz  @replouiegohmert  STOP "DIRTY BLUE DEMOCRATS"...  ATTEMPT TO TAKE TEXAS !‚Ä¶ https://t.co/kdxavSE2So 
tmj_phx_nursing, Mon Jan 25 21:26:31 +0000 2021, -112.372889, 33.659919, Can you recommend anyone for this #Nursing job in #SunCityWest, AZ? Click the link in our bio to see it and more. R‚Ä¶ https://t.co/BwiWIacegx 
DonnaWithrow2, Mon Jan 25 21:26:31 +0000 2021, -75.770041, 42.746617, @joncoopertweets ü§¢ü§¢ü§¢ü§¢ü§¢ü§¢ 
roryr63, Mon Jan 25 21:26:31 +0000 2021, -122.230474, 47.221013, @BenjaminJurkovi Lived 
13Anseume, Mon Jan 25 21:26:31 +0000 2021, -78.657837, 35.843981, @SolcitoVallo @dimash_official @MTV üíõ Orgullo de su Pais üíõREQUEST @dimash_official @MTV #FridayLivestream 
poetsofine, Mon Jan 25 21:26:31 +0000 2021, -93.262046, 44.970610, @ChicagoMSTie @Lackey_D @ReggieOrtizJr Oh no, an abled person not taking a multiply disabled person seriously when‚Ä¶ https://t.co/WQqIloOvnQ 
EdZman01, Mon Jan 25 21:26:31 +0000 2021, -96.761753, 32.819858, @mare6367 @WahwaiP @FoxNews Then YOU pay for it. 
BeachdrmDr, Mon Jan 25 21:26:31 +0000 2021, -107.063513, 39.296480, Just posted a video @ Highland Peak, Aspen Highlands https://t.co/CYT2TmFeTL 
iam_brendajones, Mon Jan 25 21:26:31 +0000 2021, -83.099288, 42.352787, He is the new wide receivers coach for @UMichFootball. Mr. Bellamy is a former Michigan wide receiver (1999-2002) a‚Ä¶ https://t.co/YhTz61vnKe 
millamilian, Mon Jan 25 21:26:32 +0000 2021, -89.266508, 39.739300, @montrellbrannon NOT THE HEADSETüò≠ 
Doughboy1500, Mon Jan 25 21:26:32 +0000 2021, -87.721699, 41.866157, Ij be tryna enjoy myself @ West Side, Chicago https://t.co/QNJjauscnx 
Grdns_Annapolis, Mon Jan 25 21:26:32 +0000 2021, -76.510792, 38.969966, We are almost to the end of the first month of 2021. Have you scheduled a tour with us yet? Call today!‚Ä¶ https://t.co/kSkeUSdJXA 
ThwkMMA, Mon Jan 25 21:26:32 +0000 2021, -71.683502, 42.036939, @ItsTerrBear no 
J_borders24, Mon Jan 25 21:26:32 +0000 2021, -75.770041, 42.746617, Im takin JT. No HESITATION! ü§∑üèæ‚Äç‚ôÇÔ∏è 
Crusher58, Mon Jan 25 21:26:32 +0000 2021, -77.604684, 41.117936, @Alyssa_Milano Correct ruling. Let's not fool with courts any more. 
TreyTheStoner, Mon Jan 25 21:26:32 +0000 2021, -73.849441, 40.850347, I love black women. My phone was glitching and it was taking forever for my ApplePay to work paying for the train.‚Ä¶ https://t.co/iRTRrXpmfA 
archangelcrew, Mon Jan 25 21:26:32 +0000 2021, -119.025163, 35.346902, But these cloud pictures are pretty neat though! #CAwx #StormWatch #StormHour https://t.co/5T0CptlhK2 
oldpappy59, Mon Jan 25 21:26:32 +0000 2021, -79.565792, 43.837104, @atrupar @guyknoller1 Pathetic really. 
JoEys63137133, Mon Jan 25 21:26:32 +0000 2021, -122.324229, 48.470392, https://t.co/tbuwT6BEQl 
kingnigel_, Mon Jan 25 21:26:33 +0000 2021, -76.069946, 36.802541, Whoa I got 2 subscribers on Onlyfans ü•± 
l_bibber, Mon Jan 25 21:26:33 +0000 2021, -96.696562, 40.803235, For Sale:Kate Bush - Before the Dawn LIVE 2016 UKLimited Edition 4 LP Set$75.00 https://t.co/uj3IqymK5F 
kathryninman9, Mon Jan 25 21:26:33 +0000 2021, -155.965874, 19.615771, @WritingsFromJen Yes! I love the rain 
william45126029, Mon Jan 25 21:26:33 +0000 2021, -119.034349, 34.225328, @AberystwythCar Absolutely specially with a LS 2 or 3 motor 5 or 6 speed 
Mattylongo, Mon Jan 25 21:26:33 +0000 2021, -80.178392, 26.039680, @JohnMackinAde Jackass.I hope he has a 10 era 
my_cosmic_chaos, Mon Jan 25 21:26:33 +0000 2021, -83.804475, 27.698682, Hehe more to come but shout out it Even for this one #NewProfilePic https://t.co/VbPkSg0x4Z 
kyleloewen, Mon Jan 25 21:26:33 +0000 2021, -121.300731, 38.763160, @mpanighetti @pmyers42 Precisely. 
IdaliaSamaniego, Mon Jan 25 21:26:34 +0000 2021, -98.713084, 29.550182, pasa el tiempo ·µñ·µÉÀ¢·µÉ ·µâÀ° ·µó·∂¶·µâ·µê·µñ·µí y no te veo  ∏ ‚Åø·µí ·µó·µâ ·µõ·µâ·µí 
PDBlues22, Mon Jan 25 21:26:34 +0000 2021, -78.841541, 35.653886, @SoonsupSzn @cfcconor_ Did it already!!! 
RocklandSteel, Mon Jan 25 21:26:34 +0000 2021, -80.484600, 33.478400, Just posted a photo @ Santee, South Carolina https://t.co/sYgd6BqEL4 
Mir4Prez, Mon Jan 25 21:26:34 +0000 2021, -82.239422, 34.938684, @__jaesus bruh are you purposely being obtuse or are do you think that‚Äôs an actual situation most parents go throug‚Ä¶ https://t.co/1bNLkiVJn1 
JanDietsche1, Mon Jan 25 21:26:34 +0000 2021, -90.587677, 41.464422, You are the second person that has said that. I‚Äôm docile. 
FreeRealest, Mon Jan 25 21:26:34 +0000 2021, -74.184848, 40.734494, I hate calling people around closing time because they‚Äôll leave you on hold until the last min! 
CNorrisTweets, Mon Jan 25 21:26:34 +0000 2021, -80.087032, 42.110703, I‚Äôm hearing a lot of people showing up ‚Äú...to add value‚Äù on clubhouse. This is the future of social media. Valuab‚Ä¶ https://t.co/OT9uQK0k4y 
Koby13k, Mon Jan 25 21:26:34 +0000 2021, -83.804475, 27.698682, https://t.co/p5hL92NGfM 
Omni2_Official, Mon Jan 25 21:26:34 +0000 2021, -117.603783, 34.045158, I don‚Äôt know how to take this book. I think I just won‚Äôt read it. 
lamiine_ndao, Mon Jan 25 21:26:34 +0000 2021, -73.723025, 45.557830, Mon jumeau jlm 
salmonberrytour, Mon Jan 25 21:26:34 +0000 2021, -149.758794, 61.235042, A4: Your curated itinerary will include our favorite eateries like @DenaliBrewing. Be sure to make time to stop for‚Ä¶ https://t.co/yBCHFbnwjJ 
mandelenis, Mon Jan 25 21:26:35 +0000 2021, -117.287924, 33.121484, https://t.co/iX4JWZwD1r 
SD_BeBe, Mon Jan 25 21:26:35 +0000 2021, -118.411907, 34.020789, F this guy https://t.co/pccxJQis2p 
Bresha__, Mon Jan 25 21:26:35 +0000 2021, -83.213557, 42.314732, I‚Äôll get a new job this month &amp; an increase clientele 
Gubanc, Mon Jan 25 21:26:34 +0000 2021, -91.750456, 42.331263, WEAR A MASK. SELF-ISOLATE (STAY HOME, IT's SNOWING). #iagovernor #IApolitics #COVID19 https://t.co/N9LXIB2sKy 
DaveBohorquez, Mon Jan 25 21:26:35 +0000 2021, -75.493262, 40.685782, This hits home üòÇ 
CeeHawk, Mon Jan 25 21:26:35 +0000 2021, -97.672732, 30.519340, @might_be_a_mark Welp! 
chloalixo, Mon Jan 25 21:26:35 +0000 2021, -95.446486, 29.838495, @jonahw446 at least 1 day 
BeachcomberNC, Mon Jan 25 21:26:35 +0000 2021, -110.333651, 31.526398, @TheOvalPawffice @FLOTUS @POTUS @schultzinit @DrBiden @NaomiBiden I love you all, the four-leggeds and the humans t‚Ä¶ https://t.co/IbTNw1IjLY 
KassidyGHill, Mon Jan 25 21:26:35 +0000 2021, -84.266174, 30.476216, What We‚Äôre Watching for at the Senior Bowl As Jaguars Prepare for 2021 NFL Draft https://t.co/k2U1s65kZF 
TK_Killa8, Mon Jan 25 21:26:35 +0000 2021, -85.242564, 35.091954, I‚Äôm weak asf üò≠üò≠ 
BGMikeTerry, Mon Jan 25 21:26:35 +0000 2021, -83.173867, 32.678207, STUD 
